item_type,Product_id,Product_sku
Product,13087,VEQ-467 - Type LT-03
Product,13088,VEQ-467 - Type LT-04
Product,13089,VEQ-467 - Type LT-05
Product,13090,VEQ-467 - Type LT-06
Product,13091,VEQ-467 - Type LT-07
Product,13092,VEQ-467 - Type LT-08
Product,13093,VEQ-467 - Type LT-09
Product,13094,VEQ-467 - Type LT-10
Product,13095,VEQ-467 - Type LT-11
Product,13096,VEQ-467 - Type LT-12
Product,13097,VEQ-467 - Type LT-21
Product,13098,VEQ-467 - Type LT-22
Product,13099,VEQ-467 - Type LT-23
Product,13100,VEQ-467 - Type LT-24
Product,13101,VEQ-467 - Type LT-25
Product,13102,VEQ-467 - Type LT-26
Product,13103,VEQ-467 - Type LT-27
Product,13104,WM-SCX-4FT-40W-MCT4-D / OPT-EM-SCX
Product,13105,WM-SCX4-2FT-20W-MCT4-WSH / OPT-SCX4-FMR-2FT
Product,13106,WM-SCX4-4FT-40W-MCT4-WSH / OPT-SCX-FRM-4FT
Product,13107,WM- SCX4-3FT-30W-MCT4-WSH / OPT-SCX-FMR-3FT
Product,13108,WM-SCX4-2FT-20W-MCT4-WSH-OPT-SCX4-FMR-2FT
Product,13109,WM-SCX4-3FT-30W-MCT4-WSH-OPT-SCX-FMR-3FT
Product,13110,WM-SCX4-4FT-40W-MCT4-WSH-OPT-SCX-FMR-4FT
Product,13111,WM-SCX-6FT-60W
Product,13112,WM-SCX-8FT-80W
Product,13113,WM-FDL-14-MCT
Product,13114,WM-LVL-2FT-17W-30K
Product,13115,LVC-24-MCT5-BN
Product,13116,WM-RDL6-MCT5-WP1
Product,13117,WM-T8-EZ6-GS-4FT-15W-35K-F
Product,13118,WM-LDSW-MCT5-ORB
Product,13119,AV-AVPL-FIL-5S-.188-18FT-PT27-BLK/AXT-2180-BLK/CLS-V-106W-4K-120/277-CSP2 @ 180-BLK
Product,13121,LT-FT-H84-SM-WH
Product,13122,TF-FSF-FR-96L-Z114W11400L-DMV-50K
Product,13123,WM-LPNG-2X2-MCT-P
Product,13124,AL-ADPT-DRJ96-24
Product,13125,VEQ-468 - Type A
Product,13126,VEQ-468 - Type AE
Product,13127,VEQ-468 - Type B
Product,13128,VEQ-468 - Type X
Product,13129,AL-120-H3-END1
Product,13130,AL-120-H3-CLIPS
Product,13131,VEQ-469 - Type A
Product,13132,VEQ-469 - Type AE
Product,13133,VEQ-469 - Type X
Product,13137,TF-LXT22LZ24W3000LDMV
Product,13138,TF-PRLW44RSF24LR16W
Product,13139,TF-PRLW44RSF48LR32W
Product,13140,TF-PRLW44RSF72LR48W
Product,13141,TF-PRLW44RSF96LR64W
Product,13142,TF-PRLW46RSF24LR16W
Product,13143,TF-PRLW46RSF48LR32W
Product,13144,TF-PRLW46RSF72LR48W
Product,13145,TF-PRLW46RSF96LR64W
Product,13146,TF-RIGP48LC48W
Product,13147,TF-RIGP24LC24W
Product,13148,TF-RIGP72LC72W
Product,13149,TF-RIGP96LC96W
Product,13150,WM-SCX2FT-20W-MCT4-D / OPT-SCX-ULM-2FT-8W-MCT4
Product,13151,TF-PUF22LS24W
Product,13152,TF-PUF22LH36W
Product,13153,WSD-LHB2F170W274050K
Product,13154,WSD-LHB2F170W274050K-BLD-CM20N-480800-15W
Product,13155,DG-WPC12Q-F-1X22-U-4K-C-Z-BU
Product,13156,DG-LWPCOQ-F-1X56-U-4K-C-Z-BU
Product,13157,WM-SCX4-8FT-80W-MCT4-D / OPT-SCX-ULM-8FT-32W-MCT4
Product,13158,WM-SCX-8FT-80W-MCT4-D / OPT-EM-SCX-8FT
Product,13159,TF-CLT22L30M3300LDMVMCT
Product,13160,TF-CLT24L40M4400LDMVMCT
Product,13161,WM-LSS-4FT-25W-MCT
Product,13162,WSD-SB06W
Product,13163,WM-LSS-4FT-32W-MCT
Product,13164,WSD-SB10W
Product,13165,WSD-SB15W
Product,13166,WM-LSS-4FT-34W-MCTP
Product,13167,WSD-SB20W
Product,13168,WSD-SB30W
Product,13169,WM-LSS-4FT-46W-MCT
Product,13170,WSD-SB40W
Product,13171,WM-LSS-4FT-46W-MCTP
Product,13172,WSD-ST10W27
Product,13173,WSD-ST15W27
Product,13174,WM-LTRB-1X4-MCTP
Product,13175,WSD-45WDW27
Product,13176,WM-LTRB-2X2-MCTP
Product,13177,WM-LTRB-2X4-MCTP
Product,13178,WSD-PT10W27
Product,13179,WM-LSWX-5-30W
Product,13180,WSD-PT15W27
Product,13181,DG-DTRBWPBCLQ-F-1X15-U-AM-Z
Product,13182,DG-DTRBWPBCLQ-F-1X15-U-AM-Z-1
Product,13183,DG-FTRBWPBCLQ-F-1X15-U-AM-Z
Product,13184,WM-LWAX-LG-50-120W-MCTP
Product,13185,WM-LWAX-MD-20-50W-MCTP
Product,13186,WSD-RPT06W27
Product,13187,WSD-SPT06W27
Product,13188,WM-SLE-120V
Product,13189,WSD-HPT06W27
Product,13190,WSD-HPT10W27
Product,13191,WM-SLE-12V
Product,13192,WSD-BL25W27
Product,13193,WM-SLEA-120V
Product,13194,WSD-SE40W
Product,13195,WM-SLEA-12V
Product,13196,WSD-SE60W
Product,13197,WM-LVG-24-MCT5-BN
Product,13198,WSD-HWP45W27
Product,13199,WSD-HWP07W27
Product,13200,WM-LVG-36-MCT5-BN
Product,13201,WSD-HWP10W27
Product,13202,WSD-HWP12W27
Product,13203,WM-LWAX-SM-12W
Product,13204,PI-PT-STL-4FT
Product,13205,WM-SCX2-8FT-80W-MCT4-D-EM
Product,13206,WSD-SWP02W27
Product,13207,WSD-SWP45W27
Product,13208,WM-LVE-24-MCT-BN
Product,13209,WM-PL120ADJ-3KIT
Product,13210,WSD-SWP07W27
Product,13211,WM-RDL4-ST-MCT5
Product,13212,WM-RDL3-MCT5-WP
Product,13213,WSD-SWP10W27
Product,13214,WSD-45WAWP27
Product,13215,WSD-70WAWP27
Product,13216,WSD-FWP45W
Product,13217,WSD-FWP34567W27-345K-D-P-G2
Product,13218,WM-RDL4-MCT5-WP
Product,13219,WSD-BWP45W27
Product,13220,WM-RDPF4-MCT5
Product,13221,WSD-BWP07W27
Product,13222,WSD-GWP05W27
Product,13223,WSD-GWP10W27
Product,13224,WSD-GWP07W27
Product,13225,WSD-GWP3567W27-345K-D-P-G2
Product,13226,WM-RDPF6-MCT5
Product,13227,WM-SCX-3FT-30W
Product,13228,WM-CRL-EGN-54W
Product,13229,WM-IGL-3W
Product,13230,WM-FCR-11-12W-40K
Product,13231,WM-FDL-16-MCT
Product,13232,VEQ-472 - Type *-EM1
Product,13233,VEQ-472 - Type *-EM2
Product,13234,VEQ-472 - Type *-EMR1
Product,13235,VEQ-472 - Type *-EX1
Product,13236,VEQ-472 - Type *-GEM
Product,13237,VEQ-472 - Type *-H
Product,13238,VEQ-472 - Type *-L
Product,13239,VEQ-472 - Type *-W2
Product,13240,VEQ-472 - Type A
Product,13241,VEQ-472 - Type B
Product,13242,VEQ-472 - Type C
Product,13243,VEQ-472 - Type D
Product,13244,VEQ-472 - Type F
Product,13245,VEQ-472 - Type K
Product,13246,VEQ-472 - Type M
Product,13247,WM-RDL4-ST-MCT5-BK
Product,13248,WSD-WP01W27
Product,13249,LLL-LRG4-HO
Product,13250,WSD-WP015W27
Product,13251,WSD-WP02W27
Product,13252,LLL-LL4R
Product,13253,WSD-PGC45W27
Product,13254,WM-RSL10-MCT5
Product,13255,WSD-UPGC45W
Product,13256,WSD-UPGC07W
Product,13257,WSD-UPGC09W
Product,13258,WSD-CP95W
Product,13259,WM-LPNG-2X2-4KLM-50K-D
Product,13260,FL-MSL01500W27V57K
Product,13261,LUM-KKW1846747
Product,13262,HS-8-A-PC24-30-120_TM_DEX-IP65 
Product,13263,LUM- MUU1882721
Product,13264,KUZ- CH14356-BK
Product,13265,DP-FM-S3-AA04-27-120-TR-LINE-IP20
Product,13266,HS-21-B-PC24-30-120_TM_DEX-IP65
Product,13267,KUZ-WS25336-BK
Product,13268,LUM-MEN2107971
Product,13269,LUM-MXG1933071
Product,13270,WSD-CP12W
Product,13271,WSD-CP15W
Product,13272,WSD-CP20W
Product,13273,WSD-FL03W27
Product,13274,WM-RSL12-MCT5
Product,13275,WSD-FL45W27
Product,13276,WSD-FL07W27
Product,13277,WM-RSL3-MCT5
Product,13278,WM-RSL6-ADJ-MCT5
Product,13279,WM-RSL6-BF-MCT5
Product,13280,WSD-10WFL27
Product,13281,WM-SCX-L1FT-20W-MCT4-D
Product,13282,WSD-LHB-2F-130W-27-50K
Product,13283,WM-T5-12IN-5W
Product,13284,AL-HTLHD-UWW-16
Product,13285,AL-ADPT-DRJ-60-24
Product,13286,AL-PE-HELM-1M
Product,13287,AL-PE-UVHELM-1M
Product,13288,AL-PE-HELM-FEED
Product,13289,AL-PE-HELM-END
Product,13290,WSD-15WFL27
Product,13291,WM-T5-TYPB-25W
Product,13292,WM-UHX-150W-MP
Product,13293,WSD-20WFL27
Product,13294,WM-WAE-4FT-MCT-D
Product,13295,LLL-LL4S
Product,13296,WM-RDPS4-MCT5
Product,13297,WM-RDPS4-MCTP
Product,13298,WSD-LHB2F130W
Product,13299,WSD-LHB4F300W
Product,13300,WSD-LHB4F255W
Product,13301,VEQ-476 - Type 1
Product,13302,VEQ-476 - Type 2
Product,13303,VEQ-476 - Type 3
Product,13304,VEQ-476 - Type 4
Product,13305,VEQ-476 - Type 5
Product,13306,VEQ-476 - Type A
Product,13307,VEQ-476 - Type B
Product,13308,VEQ-476 - Type C
Product,13309,VEQ-476 - Type D
Product,13310,VEQ-476 - Type DINING ROOM CHANDELIER
Product,13311,VEQ-476 - Type E
Product,13312,VEQ-476 - Type EM
Product,13313,VEQ-476 - Type EMR
Product,13314,VEQ-476 - Type EX
Product,13315,VEQ-476 - Type F
Product,13316,VEQ-476 - Type G
Product,13317,VEQ-476 - Type H
Product,13318,VEQ-476 - Type I
Product,13319,VEQ-476 - Type STRIP 4'
Product,13320,VEQ-476 - Type TRACK 4' WITH 4 HEADS
Product,13321,VEQ-476 - Type UC 2'
Product,13322,VEQ-476 - Type UC 3'
Product,13323,VEQ-476 - Type UC 4'
Product,13324,VEQ-476 - Type VAPOR TIGHT 4'
Product,13325,WSD-LHB2F85W
Product,13326,WSD-LHB2F170W
Product,13327,WSD-CP-65W-27-50K-D
Product,13328,WSD-LHB2F130W27-4050K-GEN2
Product,13329,WM-RDPS6-MCT5
Product,13330,WSD-LHB2F170W27-4050K-GEN2
Product,13331,WSD-LHB4F255W27-4050K-GEN2
Product,13332,WM-RDPS6-MCTP
Product,13333,WM-MR16-5W-RGB
Product,13334,WSD-LHB4F300W27-4050K-GEN2
Product,13335,WSD-LHB4F400W27-4050K-GEN2
Product,13336,WSD-VP2FT25W27
Product,13337,WSD-VP4FT45W27-G2
Product,13338,WSD-UFO10W27
Product,13339,WM-T5-22IN-9W
Product,13340,WSD-UFO15W27
Product,13341,WM-T5-47IN-16W
Product,13342,WM-LPS-JBOX
Product,13343,MX-E6A19-GU-DLED-27/G8S
Product,13344,WM-CRLC8-20W
Product,13345,WSD-P14FT36W
Product,13346,WSD-P24FT48W
Product,13347,WSD-RP4FT40W
Product,13348,WM-DLS6-30K-B
Product,13349,WSD -ST4FT40
Product,13350,WSD-ST8FT64
Product,13351,WSD-ST4FT40-345K
Product,13352,WSD-24LPZ345W27-3545K
Product,13353,WSD-14LPZ2534W27-3545K
Product,13354,WSD-22LPZ2534W27-3545K
Product,13355,WSD-RP4FT303540W-3545K
Product,13356,WM-LRS-L-MCT5-BK
Product,13357,WSD-MB2-660W27-V1-XX
Product,13358,WM-LRX-20-50W-MCTP
Product,13359,WM-LSS-4FT-46W-MCTP-BK
Product,13360,WM-LSS-8FT-65W-MCT-BK
Product,13361,WM-LSS-8FT-90W-MCTP
Product,13362,WSD-WG-LHB-2FT130W-170W
Product,13363,WSD-WG-LHB-4FT255W
Product,13364,WM-LSWX-20W
Product,13365,WSD-WG-LHB-4FT300W-400W
Product,13366,WSD-24TRF343845W27-3545K
Product,13367,WSD-ST2FT243035W27-3545K
Product,13368,WSD-DE-SCP-01
Product,13369,WSD-MB2-720W27-V1-XX
Product,13370,WSD-GL760W27-F1-S
Product,13371,WM-CRLC8-20W-MCT-D
Product,13372,LLL-LL6R
Product,13373,WM-CRLC8-40W-MCTP-D
Product,13374,WSD-HWP34567W27-345K-D-P-G2
Product,13375,WM-CRLC8-15W-MCT-D
Product,13376,WSD-CP45W27
Product,13377,WSD-PGC07W27
Product,13378,WM-CRLC8-15W
Product,13379,LLL-LB6R
Product,13380,WSD-UFO20W27
Product,13381,LLL-LY6RCS
Product,13382,WM-LPNG-2X4-MCTP1
Product,13383,WM-LPNG-2X2-MCTP1
Product,13384,WM-XT-CL-GW-EM-SALIDA
Product,13385,WM-EL-M1
Product,13386,LEV-IP710LGFZ
Product,13387,ILP-CVL4-5L-U-50-FRAL-WHP-USBD/HL-EM7
Product,13388,SWX-SWX-201-1
Product,13389,SWX-202-1
Product,13390,SWX-221-1
Product,13391,SWX-900
Product,13392,WM-CRLC8-15W-D-WH
Product,13393,WM-CRLC8-15W-MCT-D-WH
Product,13394,WM-FLD2-15WW-KN-GRN
Product,13396,LLL-LL10R
Product,13397,WM-FMD-13-MCT5-ORB
Product,13398,WM-FMD-13-MCT5-WH
Product,13399,WM-FML-S10-17W-30K
Product,13400,LLL-LL8R
Product,13401,LLL-LY82RCD
Product,13402,ILP-UFO-28WLED-UNIV-40
Product,13403,WM-GL-MCTP-BR
Product,13404,WM-IGL-7W
Product,13405,WM-IGLA-3W-30K-BN
Product,13406,WSD-UHB20W48
Product,13407,TF-LLLSA97L46W
Product,13408,LLL-LL4RBX
Product,13409,WM-IGLA-7W-30K-BN
Product,13410,WSD-UHB15W48
Product,13411,LLL-LL4R24V
Product,13412,WSD-UHB10W48
Product,13413,WM-LCFA-MCT5-WH
Product,13414,WM-LCFA-MCT5-BK
Product,13415,IUE-ET-LED-347-1000L-DIMTR-120-30K/35K/40K-90-WFL-AWH
Product,13416,WM-SCL-12FT-SJTW18/5
Product,13417,WAC-FM-4115-3000K-BN
Product,13418,LLL-LY4S
Product,13419,LLL-LL2G24V
Product,13420,WSD-PDUFO-M10-3/4
Product,13421,WSD-PDUFO-M12-3/4
Product,13422,WSD-10FT4-11G-D-T
Product,13423,WSD-15FT4-11G-D-T
Product,13424,WSD-20FT4-11G-D-T
Product,13425,WSD-25FT4-11G-D-T
Product,13426,WSD-30FT5-11G-D-T
Product,13427,WSD-SAL20FT4-125-D-T
Product,13428,WSD-R10FT3-11G-D
Product,13429,WSD-R15FT4-11G-D
Product,13430,CER-06-230-36-WF-35-P1
Product,13431,06-230-24-WF-35-P1
Product,13432,WSD-BMS-S
Product,13433,LLL-LL4RRG
Product,13434,LLL-LL4SRG
Product,13435,WSD-IBS4-D
Product,13436,WSD-IBS5-D
Product,13437,WSD-SPP-D
Product,13438,WL-6575200
Product,13439,WL-74003B00
Product,13440,WL-74001B00
Product,13441,WSD-R20FT4-11G-D
Product,13442,WSD-R25FT4-11G-D
Product,13443,WSD-R30FT5-11G-D
Product,13444,WSD-IBR3-D
Product,13445,WL-74004B00
Product,13446,WSD-IBR4-D
Product,13447,WSD-IBR5-D
Product,13449,WL-7500100
Product,13450,WL-74005B00
Product,13451,WL-7204200
Product,13452,CTL-C23SAT/NS-LED
Product,13453,JI-U-300WC4D50D90B277J0
Product,13454,WL-7307000
Product,13455,WL-7307300
Product,13456,LLL-LD4S
Product,13457,WL-74002B00
Product,13458,LLL-LD6R
Product,13459,WL-7308300
Product,13460,WL-7305200
Product,13461,VEQ-477 - Type A
Product,13462,VEQ-477 - Type B
Product,13463,VEQ-477 - Type BEM
Product,13464,VEQ-477 - Type D1
Product,13465,VEQ-477 - Type D1EM
Product,13466,VEQ-477 - Type X1
Product,13467,VEQ-477 - Type X2
Product,13468,LLL-LY61RCD
Product,13469,WL-7305300
Product,13470,LLL-LY61RCD-WET
Product,13471,WL-7231300
Product,13472,LLL-LRG2
Product,13473,JI-H5-100W/160W/220W-SD 50
Product,13474,JI-H5-160W/220W/320W-SD50
Product,13475,WM-SCX-6FT-60W-MCT4-D / OPT-SCX-ULM-6FT-24W-MCT4
Product,13476,WM-SCX-8FT-80W-MCT4-D-OPT-SCX-ULM-8FT-32W-MCT4
Product,13477,WSD-PANEL2X2-KIT
Product,13478,WSD-PANEL1X4-KIT
Product,13479,WSD-PANEL2X4-KIT
Product,13480,WSD-P22FT36W
Product,13481,WSD-1L-D236-90
Product,13482,WSD-SPP235-D
Product,13483,WSD-RAL20FT4-125-D
Product,13484,WSD-RAL15FT4-125-D
Product,13485,WSD-NEWSBSF2-D
Product,13486,WSD-NEWSBARM2-D
Product,13487,WSD-SBSF-S
Product,13488,WSD-SBA-D
Product,13489,WSD-SBT-D
Product,13490,WSD-FLT-D
Product,13491,WSD-TRU-D
Product,13492,WSD-ARM-BAR
Product,13493,WSD-ADP2.5-90-D
Product,13494,WM-PC-2S
Product,13498,VEQ-470 - Type 2
Product,13502,E-LED150WTMP50K-G8
Product,13503,LLL-LB4R24V
Product,13504,WSD-LECP-YT0015-025/048
Product,13505,WSD-NEMA3
Product,13506,WM-CRLC6-20W-MCT-D
Product,13507,WSD-ADP2.5-D
Product,13508,WSD-ADP2.5-90H-D
Product,13509,WSD-ADP2.5-180L3.9-D
Product,13510,WSD-ADP2.5-BAR5-D
Product,13511,WSD-ADP25-30-D
Product,13512,WSD-TADP2.5-1/2-D
Product,13513,WSD-VT3-D
Product,13514,WSD-VT4-D
Product,13515,WSD-VT5-D
Product,13516,WSD-VTS4-D
Product,13517,WSD-VTS5-D
Product,13518,WM-CRLC6-20W-MCT-D-WH
Product,13519,WM-CRLC8-20W-D
Product,13520,WSD-CP-45W-27-50K-D-M-BLD-CM20E-480800-8W
Product,13521,WL-6106600
Product,13522,WSD-VTR5-D
Product,13523,WSD-SB2.5TW90-D
Product,13524,WSD-SB2.5TW180
Product,13525,WM-SCX2-6FT-60W-MCT4-D-OPT-SCX-FMR-6FT
Product,13526,WL-6106800
Product,13527,WM-CRLC8-20W-MCT-D-WH
Product,13528,WM-CRLC6-20W
Product,13529,WL-6107300
Product,13531,WL-6107500
Product,13532,WL-6111100
Product,13533,WL-6106900
Product,13534,WM-CRLC8-40W-MCTP-D-WH
Product,13535,WL-6111700
Product,13536,WM-DLSE6-MCT-BN
Product,13537,WL-6111200
Product,13538,WM-DLSE6-MCT-BR
Product,13539,LLL-LD4R
Product,13540,WL-6111800
Product,13541,WL-6111900
Product,13542,TF-PARA18C332X1LN18W-40
Product,13543,GL-LCS-4-52-MVD-830/40/50
Product,13544,WL-6112000
Product,13545,ILP-CVL4-4L-U-35-FRAL
Product,13546,ILP-CVL4-4L-U-35-FRAL-EM10
Product,13547,ILP-CVL4-4L-U-35-FRAL-USBD/HL
Product,13548,ILP-CVL4-4L-U-35-FRAL-EM10-USBD/HL
Product,13549,WL-6112100
Product,13550,WL-6112300
Product,13551,WL-6118300
Product,13552,WL-6118400
Product,13553,WM-DLS6-MCT-277V
Product,13554,WM-LCFF-15-MCT5-BN
Product,13555,WL-6118700
Product,13556,WL-6118800
Product,13557,WL-6118900
Product,13558,WL-6119000
Product,13559,WL-6119200
Product,13560,WM-LCFF-15-MCT5-BR
Product,13561,WM-LCFF-18-MCT5-BN
Product,13562,LLL-LY4RCS
Product,13563,WM-LCFF-18-MCT5-BR
Product,13564,WM-LCFF-22-MCT5-BN
Product,13565,WL-6122800
Product,13566,WL-6118600
Product,13567,WM-LCFF-22-MCT5-BR
Product,13568,LLL-LD4R-HO
Product,13569,FLI-BA-1935AA-25
Product,13570,FLI-BA-725-5-2P1
Product,13571,WL-6308800
Product,13572,WM-LRX-36-60W-MCTP-P
Product,13573,WL-6308900
Product,13574,WL-6309000
Product,13575,WL-6309200
Product,13576,WL-6309600
Product,13577,WM-LRX-72-120W-MCTP-TL
Product,13578,WL-6309900
Product,13579,WL-6311900
Product,13580,WL-6321900
Product,13581,WM-LSS-2FT-20W-MCT-BK
Product,13582,WL-6312300
Product,13583,Testing123
Product,13584,WL-6372300
Product,13585,WL-6312400
Product,13586,WM-LVD-36-MCT5-BN
Product,13587,WM-LVD-48-MCT5-BN
Product,13588,WL-6322200
Product,13589,WM-LVE-36-MCT-BN
Product,13590,LLL-LL4SR
Product,13591,WL-6321600
Product,13592,WL-6322000
Product,13593,WL-6322400
Product,13594,WL-6322500
Product,13595,WL-6322600
Product,13596,WL-6322700
Product,13597,WL-6322900
Product,13598,WL-6322800
Product,13599,WL-6323000
Product,13600,WL-6323200
Product,13601,WL-6323100
Product,13602,EE-LPA-4-UX-50-8-CCT-WH
Product,13603,WM-LW360-40W
Product,13604,EE-LPA-ACCSY-PK
Product,13605,EE-LPA-LNK-BRK
Product,13606,WM-LWAX-MD-30W
Product,13607,WM-RSL3-MCT5-BN
Product,13608,22-FPL-BL-LED-4000L/5000L/6000L-DIM10-120-347V-30K/35K/40K-85 22FK
Product,13609,IUE-SS4-LED-2000L-DIM10-MVOLT SS4-TL-1428-2000L-WD-40K-90-WH
Product,13610,IUE-ER3-SHAL-LED-1500L-DIM10-MVOLT-ND-40K-90 ES3-F-1314-WH
Product,13611,IUE-ELX-603-R-W
Product,13612,WL-6364400
Product,13613,WM-SCX-4FT-40W-MCT4-D-DL
Product,13614,WL-6364500
Product,13615,WL-6365900
Product,13616,WL-6366000
Product,13617,WL-6366100
Product,13618,WM-SL-30W-D
Product,13619,WL-6364200
Product,13620,WM-SL-28W-MCT-WH-D
Product,13621,WM-SL-40W
Product,13622,WM-WAE-4FT-MCT-DD
Product,13623,WM-CRLC4-15W
Product,13624,WM-LCFB-1L-MCT5
Product,13625,WL-6357100
Product,13626,WL-6357200
Product,13627,WL-6357300
Product,13628,WL-6359600
Product,13629,AL0043-121 LOD-HLAL-T3150WD50K-V2
Product,13630,WL-6120100
Product,13631,WL-6120200
Product,13632,WM-LPNG-2X2-4KLM-27K
Product,13633,WM-LPNG-1X4-MCTP
Product,13634,WM-LSS-8FT-90W-MCTP-BK
Product,13635,WM-LRD-10W-3WTR
Product,13636,WM-LSS-CB
Product,13637,WM-LRD-10W-4WTR
Product,13638,WM-LS-124-AN
Product,13639,WM-LS-155-BZ
Product,13640,WL-6355200
Product,13641,WL-6355300
Product,13642,WM-LRD-10W-3WTRPH
Product,13643,PI-PT-HBU3-10D-23CP-LV-W
Product,13644,WL-6355600
Product,13645,WL-6355700
Product,13646,WL-6355800
Product,13647,WL-6355900
Product,13648,WL-6356000
Product,13649,WL-6356200
Product,13650,WL-6356300
Product,13651,WM-CRLC4-15W-WH
Product,13652,WM-CRLC4-15W-MCT-D
Product,13653,WM-CRLC4-15W-MCT-D-WH
Product,13654,WM-CRLC4-20W-D
Product,13655,WM-CRLC4-15W-MCT-SA-D
Product,13656,WM-CRLC4-20W-D-WH
Product,13657,WM-CRLC4-15W-MCT-S-D
Product,13658,WM-CRLC4-20W-MCT-D
Product,13659,WM-CRLC4-20W-MCT-D-WH
Product,13660,WL-6356400
Product,13661,WM-CRLC4-15W-MCT-SA-D-WH
Product,13662,WM-CRLC4-15W-MCT-S-D-WH
Product,13663,WL-6356500
Product,13664,WM-CRLC6-20W-MCT-A-D-WH
Product,13665,WM-CRLC6-20W-MCT-A-D
Product,13666,WL-6356600
Product,13667,WL-6356700
Product,13668,WM-CRLC6-40W-MCTP-A
Product,13669,WM-CRLC6-20W-MCT
Product,13670,WL-6371800
Product,13671,WL-6371900
Product,13672,WL-6372000
Product,13673,MX-LB-HWC-70
Product,13674,IUE-OLS-R-LED-2-HC-TL-8'-DIM10-MVOLT-35K-85-W
Product,13675,WL-6372100
Product,13676,WL-6372200
Product,13677,WL-6372500
Product,13678,WM-CRLC6-40W-MCTP
Product,13679,WL-6372600
Product,13680,WM-CRLC4-20W-MCT-SA
Product,13681,WM-CRLC4-20W-MCT-S
Product,13682,WL-6372800
Product,13683,WM-CRLC6-15W-MCT
Product,13684,WM-CRLC6-15W-MCT-S
Product,13685,TF-TXFA23RR650SF48LR26W2600LDMV35KWH    
Product,13686,TF-TXF0L23DIAGCAPTIVE-4
Product,13687,WM-SCX2-6FT-60W-MCT4D
Product,13688,PI-PT-TRO-22-3CP
Product,13689,ILP-CVL4-4L-40-FRAL-WHP-EM7
Product,13690,TF-TXF0131A23212
Product,13691,VEQ2021-411 - Type A
Product,13692,VEQ2021-411 - Type AE
Product,13693,VEQ2021-411 - Type D
Product,13694,VEQ2021-411 - Type DE
Product,13695,VEQ2021-411 - Type E
Product,13696,VEQ2021-411 - Type G
Product,13697,VEQ2021-411 - Type HB
Product,13698,VEQ2021-411 - Type HBE
Product,13699,VEQ2021-411 - Type OA
Product,13700,VEQ2021-411 - Type W
Product,13701,VEQ2021-411 - Type WE
Product,13702,VEQ2021-411 - Type X
Product,13703,LED7WMR16/FL/827-DIM-G7
Product,13704,LPA-8UX-100/8CT-WH G2
Product,13705,ATG-WPGP-60-50
Product,13706,WM-CRLC6-15W-MCT-D-
Product,13707,WM-LCFB-3LR-MCT5
Product,13708,WM-LCFB-3LS-MCT5
Product,13709,WM-LLHB4-80-150W-MCTP
Product,13710,WM-LLVT-8FT-100W
Product,13711,WM-LLVT-8FT-65W
Product,13712,WM-LP-2X2-40W-D
Product,13713,WM-LW360-60W-MCT-G2
Product,13714,WM-LCFH-1L-MCT5
Product,13715,ILP-CVL4-6L-U-50-FRAL-WHP-EM7
Product,13716,ILP-CVL2-3L-U-50-FRAL-WHP-EM7
Product,13717,PI-PT-WPH3-LW
Product,13718,TF-LLLSBE96LSA-LLLSBT96L83W24V30K
Product,13719,ELI-E6SLB-3545-D-E-4-8-3550
Product,13720,AEL-LHB21H-40-M-90CRI
Product,13721,AEL-LHB2M-40-M-90CRI
Product,13722,AEL-LHB21H-40-M-80CRI
Product,13723,IUE-CB2-LED-30000L-DIM10-MVOLT-WD-40K-85
Product,13724,IUE-CB2-LED-18000L-DIM10-MVOLT-WD-40K-85
Product,13725,PI-PT-EMG-15W
Product,13726,RP-4909BN-2
Product,13727,LLL-LY41RCD
Product,13728,WL-6400500
Product,13729,WL-6323300
Product,13730,WL-6400600
Product,13731,WL-6401000
Product,13732,WL-6401100
Product,13733,WL-6429100
Product,13734,PI-PT-WPH3-HW
Product,13735,AEL-LRHB4-40-VH-A-M
Product,13736,WSD-RPC-S4
Product,13737,WSD-RPC-S5
Product,13738,AEL-CLD24-40-HM-B20-ALHINS-SY-M-1-90-AM
Product,13739,SW-SWX-101-D
Product,13740,SW-SWX-103-D
Product,13741,WM-CRLC4-40W-MCTP
Product,13742,SW-SWX-111-D
Product,13743,SW-SWX-113-D
Product,13744,SW-SWX-121-D
Product,13745,SW-SWX-123-D
Product,13746,SW-SWX-131-D
Product,13747,SW-SWX-133-D
Product,13748,SW-SWX-201-2
Product,13749,SW-SWX-202-2
Product,13750,SW-SWX-211
Product,13751,SW-SWX-212
Product,13752,SW-SWX-221-2
Product,13753,SW-SWX-222-2
Product,13754,SW-SWX-231
Product,13755,SW-SWX-232
Product,13756,SW-SWX-401-2
Product,13757,SW-SWX-421-2
Product,13758,AEL-BAX14-40-ML-B14-375P-PP125-M
Product,13759,AEL-BAU-40-M-M
Product,13760,LOD-LOC-ELHB-MW(80/100/150)MCCT(30/40/50)-LV
Product,13761,SW-SWX-402-2
Product,13762,SW-SWX-250-1
Product,13763,SW-SWX-250-2
Product,13764,SW-SWX-501
Product,13765,RP-1073LED-OB-WT-PC  
Product,13766,FL-ETH-HBE-4-225W-5K
Product,13767,FL-ETH-LSPT-8-65W
Product,13768,ELI-E5T4A2534D-83550
Product,13769,FL-ETH-HBE-4-210W-5K 
Product,13770,FL-ETH-PLBT-22-40W
Product,13771,WM-EL-M2
Product,13772,SWX-4-0-1-2
Product,13773,SWX-212-2-D
Product,13774,IUE-OPR-LED-2-3000L-DIM10-MVOLT-40K-WH-SM
Product,13775,VEQ-480 - Type F1
Product,13776,VEQ-480 - Type F10
Product,13777,VEQ-480 - Type F11
Product,13778,VEQ-480 - Type F2
Product,13779,VEQ-480 - Type F3
Product,13780,VEQ-480 - Type F4
Product,13781,VEQ-480 - Type F5
Product,13782,VEQ-480 - Type F6
Product,13783,VEQ-480 - Type F6E
Product,13784,VEQ-480 - Type F7
Product,13785,VEQ-480 - Type F8
Product,13786,VEQ-480 - Type F9-10'
Product,13787,VEQ-480 - Type F9-11'
Product,13788,VEQ-480 - Type F9-18'
Product,13789,VEQ-480 - Type X
Product,13790,VEQ-480 - Type Z LTG CTRL OS OCC SENSOR
Product,13791,VEQ-480 - Type Z LTG CTRL VS CEILING MOUNT VACANCY SENSOR
Product,13792,VEQ-480 - Type F9-6'-6
Product,13793,VEQ-480 - Type F9-7'-6
Product,13794,SW-SWX-511
Product,13795,RP-4917BN-18
Product,13802,VEQ-431 - Type BA
Product,13803,VEQ-431 - Type BC
Product,13804,VEQ-431 - Type BH
Product,13805,VEQ-431 - Type BK
Product,13806,VEQ-431 - Type BR
Product,13807,VEQ-431 - Type BU
Product,13808,VEQ-431 - Type BX
Product,13809,VEQ-431 - Type BX2
Product,13810,VEQ-431 - Type DB
Product,13811,VEQ-431 - Type DF
Product,13812,VEQ-431 - Type DG
Product,13813,VEQ-431 - Type DH
Product,13814,VEQ-431 - Type DM
Product,13815,SW-SWX-201-1
Product,13816,SW-SWX-202-1
Product,13817,SW-SWX-203-1
Product,13818,SW-SWX-401-1
Product,13819,SW-SWX-421-1
Product,13820,SW-SWX-402-1
Product,13821,SW-SWX-101-1-D
Product,13822,SW-SWX-103-1-D
Product,13823,SW-SWX-111-1-D
Product,13824,SW-SWX-113-1-D
Product,13825,VEQ-481 - Type F.1
Product,13826,VEQ-481 - Type F.2
Product,13827,VEQ-481 - Type F.3
Product,13828,VEQ-481 - Type F.4
Product,13829,VEQ-481 - Type X
Product,13830,VEQ-481 - Type ZZ LTG CTRL LOT COST
Product,13831,SW-SWX-211-1
Product,13832,SW-SWX-212-1
Product,13833,SP-DC014D-2G-3000K-62-JA8
Product,13834,SW-SWX-221-1
Product,13835,SW-SWX-222-1
Product,13836,SW-SWX-231-1
Product,13837,SW-SWX-232-1
Product,13838,SW-SWX-550
Product,13839,WM-CRLC6-40W-MCTP-SA
Product,13840,SW-SWX-101
Product,13841,SW-SWX-102
Product,13842,SW-SWX-103
Product,13843,WM-CRLC6-40W-MCTP-S
Product,13844,SW-SWX-111
Product,13845,SW-SWX-101-1
Product,13846,PI-PT-TRO-24-3CP
Product,13847,PI-PT-TRO-24-3CP-EM
Product,13848,ILP-PAN24-60WLED-U-35-NSF
Product,13849,ILP-PAN24-60WLED-U-35-NSF-EM12
Product,13850,SW-SWX-103-1
Product,13851,SW-SWX-111-1
Product,13852,SW-SWX-823
Product,13853,SW-SWX-801
Product,13854,SW-SWX-803
Product,13855,SW-SWX-113-1
Product,13856,SW-SWX-121-1
Product,13857,SW-SWX-843
Product,13858,SW-SWX-900
Product,13859,SW-SWX-910
Product,13861,WM-DBEL-ACEM-
Product,13862,SW-SWX-123-1
Product,13863,WM-DLS10-MCT-PIR
Product,13864,SW-SWX-131-1
Product,13865,SW-SWX-133-1
Product,13866,ILP-DHB-200WLED-UNIV-50-AD16-CORD/6FT/L7-15P
Product,13867,VEQ-485 - Type AE
Product,13868,VEQ-485 - Type E
Product,13869,VEQ-485 - Type J
Product,13870,VEQ-485 - Type JE
Product,13871,BL-ELXTEU1-RCAEM
Product,13872,MX-JJX20UCS
Product,13873,E-VTU-20/20W/840-U-GY
Product,13874,SW-SWX-112
Product,13875,SW-SWX-113
Product,13876,SW-SWX-121
Product,13877,SW-SWX-122
Product,13878,SW-SWX-123
Product,13879,SW-SWX-131
Product,13880,SW-SWX-132
Product,13881,SW-SWX-133
Product,13882,SW-SWX-121-1-D
Product,13883,SW-SWX-123-1-D
Product,13884,WM-DLS12-MCT-277V
Product,13885,WM-DLS6-MCT-PIR
Product,13886,WM-DLS12-MCT-PIR
Product,13887,WM-DLS4-MCT-PIR
Product,13888,WM-DLS8-MCT-PIR
Product,13889,"120-H3-30-CC: HYBRID 3 - Custom Cut - 3056 LED 72/M,120VAC,3000"
Product,13890,AL-120-H3-CC-CONKIT
Product,13891,WM-OPT-SCX-FMR-3FT
Product,13892,WSD-CP-15W-27-50K-W
Product,13893,SW-SWX-131-1-D
Product,13894,SW-SWX-133-1-D
Product,13895,WM-SCX-4FT-40W-MCT4-D / OPT-SCX-TBAR-4FT
Product,13896,VEQ-487 - Type A2
Product,13897,VEQ-487 - Type B1
Product,13898,VEQ-487 - Type B2
Product,13899,VEQ-487 - Type C
Product,13900,VEQ-487 - Type D
Product,13901,VEQ-487 - Type E
Product,13902,VEQ-487 - Type EA2
Product,13903,VEQ-487 - Type EB1
Product,13904,VEQ-487 - Type EB2
Product,13905,VEQ-487 - Type EC
Product,13906,VEQ-487 - Type ED
Product,13907,VEQ-487 - Type EE
Product,13908,VEQ-487 - Type EF
Product,13909,VEQ-487 - Type EG
Product,13910,VEQ-487 - Type ER
Product,13911,VEQ-487 - Type ES
Product,13912,VEQ-487 - Type ET
Product,13913,VEQ-487 - Type F
Product,13914,VEQ-487 - Type G
Product,13915,VEQ-487 - Type H
Product,13916,VEQ-487 - Type J
Product,13917,VEQ-487 - Type K
Product,13918,VEQ-487 - Type M
Product,13919,"VEQ-487 - Type N1, N2, O1, 02, P1, P2, Q1, Q2"
Product,13920,VEQ-487 - Type NX1 & NX2
Product,13921,VEQ-487 - Type R
Product,13922,VEQ-487 - Type S
Product,13923,VEQ-487 - Type T
Product,13924,VEQ-487 - Type U
Product,13925,VEQ-487 - Type V
Product,13926,VEQ-487 - Type VT
Product,13927,VEQ-487 - Type W
Product,13928,VEQ-487 - Type WT
Product,13929,SW-SWX-910-AR
Product,13930,SW-SWX-920
Product,13931,WM-BOL-42-R-C-C-MCTP-BR
Product,13932,WM-BOL-42-R-C-F-MCTP
Product,13933,WM-BOL-42-S-C-C-MCTP-BK
Product,13934,WM-BOL-44-R-C-C-MCTP
Product,13935,WM-BOL-44-R-C-F-MCTP
Product,13936,WM-SL-28W-D
Product,13937,WM-CRLC4-20W-S
Product,13938,LT-LEDH-RT4SICA-UZTD-LEDT-C450-11-8-35-WH-WH
Product,13939,TF-CONSTANT WATTAGE LED EMERGENCY BACK-UP
Product,13940,AL-120-H3-CC-ASSEMBLY
Product,13941,AL-120-H3-CHAN2-3
Product,13942,AL-120-H3-CC-END
Product,13943,RP-1074-WW-WW
Product,13944,LOD-LOC-14.5RDDL-D25WMCCT
Product,13945,TF-PRO48LZ48W5000LDMV40KBK
Product,13946,ETH-B11-325W-H-5000K
Product,13947,WM-T8-EZX-TB-4FT-12-18W
Product,13948,VEQ-488 - Type A
Product,13949,VEQ-488 - Type AE
Product,13950,VEQ-488 - Type B
Product,13951,VEQ-488 - Type BE
Product,13952,VEQ-488 - Type C
Product,13953,VEQ-488 - Type D
Product,13954,"VEQ-488 - Type F 3 TRACK HEADS, 1 -4' TRACK"
Product,13955,VEQ-488 - Type Z LTG CTRL OS
Product,13956,VEQ-488 - Type Z LTG CTRL OSW
Product,13957,VEQ-488 - Type Z LTG CTRL OV
Product,13958,VEQ-488 - Type Z LTG CTRL P
Product,13959,VEQ-488 - Type Z LTG CTRL W
Product,13960,EE-EMD20-300mAh
Product,13965,VEQ-470 - Type 1
Product,13966,VEQ-470 - Type 3
Product,13967,VEQ-470 - Type EXIT
Product,13968,VEQ-470 - Type ZZ LIGHTING CONTROL LOT COST
Product,13969,VEQ-470 - Type Z LTG CTRL 8 CIRCUIT PANEL
Product,13970,VEQ-470 - TYPE Z LTG CTRL EMERGENCY SHUNT/CONTROL RELAYS
Product,13971,VEQ-470 - TYPE Z LTG CTRL LOW VOLTAGE CONTROLS
Product,13972,VEQ-470 - TYPE Z LTG CTRL START UP
Product,13973,AEL-LTCWL4-40-SM-IA-M
Product,13974,AEL-LTCWL4-40-SM-IA-M-12EBL
Product,13976,"C1-WM-WESTGATE, REVINE DELAY BEACH"
Product,13977,VEQ-446-TYPE C1
Product,13978,VEQ-446-C1E
Product,13979,VEQ-446-TYPE C2
Product,13981,VEQ-446-TYPE C2E
Product,13982,TF-LLLRA97L69W
Product,13983,VEQ-489 - Type A
Product,13984,VEQ-489 - Type A1
Product,13985,VEQ-489 - Type AE
Product,13986,VEQ-489 - Type B
Product,13987,VEQ-489 - Type C
Product,13988,VEQ-489 - Type CF-1
Product,13989,VEQ-489 - Type D
Product,13990,VEQ-489 - Type E
Product,13991,VEQ-489 - Type EBU
Product,13992,VEQ-489 - Type EBU WP
Product,13993,VEQ-489 - Type EXIT
Product,13994,VEQ-489 - Type EXIT/EBU
Product,13995,VEQ-489 - Type F
Product,13996,VEQ-489 - Type F1
Product,13997,VEQ-489 - Type G
Product,13998,VEQ-489 - Type H
Product,13999,VEQ-489 - Type J
Product,14000,VEQ-489 - Type OCC
Product,14001,VEQ-489 - Type OCCW
Product,14002,VEQ-489 - Type PP
Product,14003,VEQ-489 - Type R1
Product,14004,VEQ-489 - Type R2
Product,14005,VEQ-489 - Type R3
Product,14006,VEQ-489 - Type R5
Product,14007,VEQ-489 - Type R6
Product,14008,VEQ-489 - Type SL1
Product,14009,VEQ-489 - Type SL2
Product,14010,VEQ-489 - Type SL3
Product,14011,VEQ-489 - Type SL4
Product,14012,TF-LVS6-2-32-MV-WH
Product,14013,TF-BKVMW225MV
Product,14014,TF-LLLSB96L83W
Product,14015,TF-LLLSC97L115W
Product,14016,TF-DKSWBMW48L
Product,14017,TF-DKSWBMW96L
Product,14018,TF-44PSF48LR
Product,14019,TF-44PSF96LR
Product,14020,LLL-LRG6
Product,14021,"ZL-(SP) FM-28EL-I-N-LED1650-4K-4'-(1/2""H)-TW-SPE-(2 CIR ALT)"
Product,14022,"NL-NB-RDP-3""-TENON-2 3/8"
Product,14023,FL-ETH-WRP-4-22W-40K
Product,14024,TF-L23PSF48LT20W2000LDMV35KWH-HC605WH
Product,14025,TF-L23PSF48LT20W2000LDMV35KWHEM-HC605WH
Product,14026,TF-LLLSF96L
Product,14027,LLL-LL6RR
Product,14028,TF-TXF0DKSWBFR96L
Product,14029,AVS-PL9510-WITH POLE
Product,14030,AVS-BL005
Product,14031,AVS-BL018
Product,14032,TF-CLLLBF96L
Product,14033,TF-CLLLBF144L
Product,14034,TF-CLLLBF192L
Product,14035,VEQ-491 - Type $
Product,14036,VEQ-491 - Type $3
Product,14037,VEQ-491 - Type B
Product,14038,VEQ-491 - Type C
Product,14039,VEQ-491 - Type CONCEALITE
Product,14040,VEQ-491 - Type D
Product,14041,VEQ-491 - Type DE
Product,14042,VEQ-491 - Type OS CEILING MOUNT
Product,14043,VEQ-491 - Type OS WALL SWITCH
Product,14044,VEQ-491 - Type X
Product,14045,VEQ-493 - Type A
Product,14046,VEQ-493 - Type B1
Product,14047,VEQ-493 - Type B2
Product,14048,VEQ-493 - Type B3
Product,14049,VEQ-493 - Type C
Product,14050,VEQ-493 - Type D
Product,14051,VEQ-493 - Type D1
Product,14052,VEQ-493 - Type D2
Product,14053,VEQ-493 - Type E
Product,14054,VEQ-493 - Type EBU/RC
Product,14055,VEQ-493 - Type EXIT COMBO
Product,14056,VEQ-493 - Type F
Product,14057,VEQ-493 - Type G
Product,14058,VEQ-493 - Type H
Product,14059,VEQ-493 - Type J
Product,14060,VEQ-493 - Type P1
Product,14061,VEQ-493 - Type P2
Product,14062,VEQ-493 - Type P3
Product,14063,VEQ-493 - Type P4
Product,14064,VEQ-493 - Type P5
Product,14065,VEQ-493 - Type REMOTE EMERGENCY
Product,14066,BL-ELXTEU-2-R-C-A-EM-SDT
Product,14067,BL-ELXTEU-2-R-M-A-EM-SDT
Product,14068,WM-SCX-4FT-40W-MCT4-D / OPT-EM-SCX-4FT/SCL-CS1P-6FT / SCL-CS1-6FT
Product,14069,VEQ-490 - Type F1
Product,14070,VEQ-490 - Type F4B
Product,14071,VEQ-490 - Type X1
Product,14072,VEQ-490 - Type X2
Product,14073,"VEQ-490 - Type Z LTG CTRL Ceiling Sensor, Dual Tech, Large Motion 360°, Low Voltage"
Product,14074,"VEQ-490 - Type Z LTG CTRL Ceiling Sensor, Dual Tech, Small Motion 360°, Low Voltage"
Product,14075,"VEQ-490 - Type Z LTG CTRL Ceiling Sensor, PIR, Large Motion 360°, Low Voltage"
Product,14076,"VEQ-490 - Type Z LTG CTRL Dimming Wall Switch, Low Voltage, 0-10V"
Product,14077,"VEQ-490 - Type Z LTG CTRL Momentary Wall Switch, Low Voltage"
Product,14078,"VEQ-490 - Type Z LTG CTRL Power Pack, 16A, 120/277VAC, Auxiliary Switch Input"
Product,14079,VEQ-490 - Type Z LTG CTRL Time Clock Switch Kit w/ Bluetooth Application
Product,14080,"VEQ-490 - Type Z LTG CTRL Wall Switch Sensor Dual Tech, Auto On, Low Voltage, Multi-Switch/Sensor"
Product,14081,"VEQ-490 - Type Z LTG CTRL Wall Switch Sensor Dual Tech, Partial Auto On, Low Voltage, 0-10V Dimming, Multi-Switch/Sensor"
Product,14082,"VEQ-490 - Type Z LTG CTRL Wall Switch Sensor, PIR, Auto On"
Product,14083,VEQ-490 - Type ZZ LTG CTRL LOT COST
Product,14084,TF-CLLLSF48L
Product,14085,TF-CLLLSF96L
Product,14086,TF-CLLLSF144L
Product,14087,WM-T5-EZ6-GS-4FT-24W
Product,14088,WM-ULHB-EHL-300W-50K
Product,14089,WM-SL-20W-30K-WH-D
Product,14090,WM-LF3-300
Product,14091,WM-RSL6-30K
Product,14092,WM-LSP-4FT-40W-40K
Product,14093,WM-LLVT2-4FT-65W-MCT-D
Product,14094,WM-LFCO-HL-600W-50K-TR
Product,14095,WM-LRD-10W-4WTRPH
Product,14096,WM-LRD-10W-4WTRSL
Product,14097,WM-LRD-TL-10W-4R
Product,14098,RP-4314-1-30-BN-EM
Product,14099,MX-MLFP24G427WCSREM
Product,14100,ILP-BAL1400TD
Product,14101,WM-LRD-TL-10W-4S
Product,14102,WM-LRS-B-MCT-PC
Product,14103,WM-LRS-A-MCT-PC
Product,14104,WM-LRS-S-MCT5-ORB
Product,14105,WM-RSL4-ADJ-MCT5
Product,14106,WM-LS-124-BZ
Product,14107,WM-LS-158-SS
Product,14108,WM-LRS-SWG-MCT5-ORB
Product,14109,WM-LLHB4-80-150W-MCTP-BK
Product,14110,WM-LSL-8FT-84W-MCT-D-HL
Product,14111,WM-LRD-10W-WTR
Product,14112,WM-LRD-10W-WTM1
