code,family_variant
E-F17T8,Color_Temperature
ILP-SS8-12L-U,Color_Temperature
ILP-AL-375WU,Color_Temperature
ILP-AL-225WU,Color_Temperature
ILP-AL-90WU,Color_Temperature
EL-EB30-11W,Color_Temperature
EL-EA21-22W,Color_Temperature
EL-ET5-2,Color_Temperature
TF-200A224LS28W3300LDMV,Color_Temperature
EN-84150,Color_Temperature
DG-HLF25QF1X132U,Color_Temperature
TF-200A424LS48W6000LDMV,Color_Temperature
TF-VLT22LJ36W3700LDMV,Color_Temperature
TF-LXT22LZ36W4200LDMV,Color_Temperature
TF-LXT24LZ50W6450LDMV,Color_Temperature
TF-SKDWBFR24LJ35W3400LDMV,Color_Temperature
TF-ECLMW424LS48W4000LDMV,Color_Temperature
TF-ECLMW448LS96W8000LDMV,Color_Temperature
TF-66RSF48LR48W4800LDMV,Color_Temperature
TF-LLLRA48L35W,Color_Temperature
TF-LLLSA48L23W1500L,Color_Temperature
TF-LLLSB47L42W,Color_Temperature
TF-LLLSC48L58W,Color_Temperature
JI-ZY-T8-15W1200,Color_Temperature
JI-ZY-T8-18W1200,Color_Temperature
LT-LEDH-3110ICA,Color_Temperature
LT-LEDH-3110,Color_Temperature
LT-LEDH-3110ICAR,Color_Temperature
LT-LEDH-3110R,Color_Temperature
LT-LED-AFC6,Color_Temperature
LT-LEDH-NCR4ICA,Color_Temperature
LT-LED-AFR4,Color_Temperature
LT-LEDH-NCR5ICA,Color_Temperature
LT-LED-AFR56,Color_Temperature
LT-LED-AF6E,Color_Temperature
LT-LED-AF6AD,Color_Temperature
DG-WP7QF1X11U,Color_Temperature
DG-HLP15QF57U,Color_Temperature
DG-WBB4QF1X25U,Color_Temperature
ETH-B08-165W-H,Color_Temperature
ETH-WRP-4-22W,Color_Temperature
ETH-WRP-2-25W,Color_Temperature
GC-40PAR56DIM,Color_Temperature
GC-13.5T5HE/4F,Color_Temperature
GC-17T8/4F,Color_Temperature
GC-11A19DIM,Color_Temperature
GC-8A19DIM,Color_Temperature
LT-SLED1204,Color_Temperature
LT-SLED1807,Color_Temperature
LT-SLED2108,Color_Temperature
LT-SLED2409,Color_Temperature
LT-SLED3612,Color_Temperature
LT-SLED4818,Color_Temperature
LT-UCLD1204,Color_Temperature
LT-UCLD1807,Color_Temperature
LT-UCLD 2108,Color_Temperature
LT-UCLD2409,Color_Temperature
LT-UCLD3612,Color_Temperature
LT-UCLD4818,Color_Temperature
LT-CMED-111-15,Color_Temperature
LT-CMED-114-23,Color_Temperature
LT-CMED-211-15,Color_Temperature
LT-CMED-214-23,Color_Temperature
LT-DFR56,Color_Temperature
F31T8/U-CASE20,Color_Temperature
TF-LLLRB47L42W2488L,Color_Temperature
BL-LEDWP30W,Color_Temperature
BL-LEDWP120W,Color_Temperature
BL-LEDWPC20W,Color_Temperature
BL-LEDWPC80W,Color_Temperature
GL-LVTS-40-MVD,Color_Temperature
AEL-LDL4RWWA,Color_Temperature
EL-EA21,Color_Temperature
EL-EA19,Color_Temperature
EL-EA19-,Color_Temperature
EL-EA21--,Color_Temperature
EL-EA21-,Color_Temperature
EL-ER20,Color_Temperature
EL-EB30,Color_Temperature
EL-EB40,Color_Temperature
EL-EP16,Color_Temperature
EL-EP20-,Color_Temperature
EL-EP30-20,Color_Temperature
EL-EP30-2,Color_Temperature
EL-EP38-,Color_Temperature
EL-EM16,Color_Temperature
EL-DLC4,Color_Temperature
EL-DLC,Color_Temperature
EL-ET5-B,Color_Temperature
EL-ET8-20,Color_Temperature
GL-LVTS-45-MVD,Color_Temperature
EE-TCB1X4-26W,Color_Temperature
EE-LTR-22HE,Color_Temperature
EE-LLS-4VHE-41/8,Color_Temperature
AEL-LVTP4,Color_Temperature
AEL-LTDL24DA,Color_Temperature
AEL-LHCL4,Color_Temperature
AEL-PLSW18,Color_Temperature
AEL-PLSW14,Color_Temperature
AEL-LSPR446SN,Color_Temperature
AEL-LSPR336SN,Color_Temperature
AEL-LSPR223SN,Color_Temperature
AEL-LSMF4,Color_Temperature
AEL-LSMF2,Color_Temperature
AEL-LSMF1,Color_Temperature
AEL-LLPS4,Color_Temperature
AEL-LSB8,Color_Temperature
AEL-LSB4,Color_Temperature
AEL-LCS8,Color_Temperature
AEL-LCS4,Color_Temperature
AEL-LSCDR,Color_Temperature
AEL-LMWHB,Color_Temperature
ELI-E1BPL2-H30D,Color_Temperature
ELI-E1BPL1-H30D,Color_Temperature
DG-SWPPCQF1X23U,Color_Temperature
AEL-LVTP8,Color_Temperature
AEL-LBSL8,Color_Temperature
AEL-LBSL4,Color_Temperature
AEL-LBSL2,Color_Temperature
AEL-LRHB4,Color_Temperature
AEL-LRHB2,Color_Temperature
DG-LWPCOQF1X56U,Color_Temperature
AEL-LFHB,Color_Temperature
ELI-E4PL4A36D,Color_Temperature
DG-9X9QF1X23U,Color_Temperature
AEL-LELV4,Color_Temperature
ELI-E4OA06D,Color_Temperature
ELI-E4OA09D,Color_Temperature
AEL-LELV2,Color_Temperature
AEL-LCBD4,Color_Temperature
ELI-E3EA06DA,Color_Temperature
AEL-LCBD2,Color_Temperature
ELI-E3EA09DA,Color_Temperature
AEL-LELL4,Color_Temperature
ELI-ELY11D-CASE25,Color_Temperature
ELI-ELY18D-CASE6,Color_Temperature
ELI-E3B310D,Color_Temperature
AEL-LELL2,Color_Temperature
ELI-E3B414D-CASE10,Color_Temperature
AEL-LCDI4,Color_Temperature
AEL-LCDI2,Color_Temperature
ELI-E2T8CG,Color_Temperature
AEL-LCDI1,Color_Temperature
AEL-C24,Color_Temperature
ELI-E2T8C,Color_Temperature
AEL-C22,Color_Temperature
AEL-C14,Color_Temperature
AEL-LTCWL4,Color_Temperature
ELI-ELYT82,Color_Temperature
ELI-E2DL11D6,Color_Temperature
AEL-LTCWL2,Color_Temperature
AEL-LTCWL1,Color_Temperature
AEL-LTC4,Color_Temperature
ELI-ELYVT,Color_Temperature
AEL-LTC2,Color_Temperature
AEL-LTC1,Color_Temperature
AEL-LTRB4,Color_Temperature
TF-131A23212X1LN18W,Color_Temperature
TF-131A317X1LN15W,Color_Temperature
TF-131A417X1LN15W,Color_Temperature
T1-HBLED110,Color_Temperature
T1-SLED-424,Color_Temperature
T1-BLEDRTFK24/A/40,Color_Temperature
T1-WALED440-50,Color_Temperature
AEL-LTRB2,Color_Temperature
AEL-LTRB1,Color_Temperature
TF-T5050L24V,Color_Temperature
NL-NBAL-150W,Color_Temperature
NL-NBAL-100W,Color_Temperature
NL-NBAL-80W,Color_Temperature
NL-NBAL-25W,Color_Temperature
TF-LLLSR47L42W2488L,Color_Temperature
TF-LLLSR96L83W4976L,Color_Temperature
BL-LEDS11,Color_Temperature
BL-LEDS14,Color_Temperature
BL-LEDR11,Color_Temperature
BL-LEDR14,Color_Temperature
BL-LEDPNL2X2-40W,Color_Temperature
BL-LEDPNL1X4-40W,Color_Temperature
TF-DKSWBMW24L,Color_Temperature
HLT,Color_Temperature
HU-S44-T-39,Color_Temperature
HU-S22-T-19,Color_Temperature
TLI-FPE2X2-L30.0-ZE-120-277V-MW,Color_Temperature
TLI-FPE1X4-L30.0-ZE-120-277V-MW,Color_Temperature
LT-LEDT-C44,Color_Temperature
SU-LFX/WP/60W/MV/D,Color_Temperature
SU-LFX/WP/40W/MV/D,Color_Temperature
SU-LFX/TP/12W,Color_Temperature
LT-LEDT-C42,Color_Temperature
SU-LFX/UD/SQ/30W,Color_Temperature
SU-LFX/R/UD/20W,Color_Temperature
SU-LFX/OSF/S/MS/24W,Color_Temperature
SU-T8/LED/FS/1.8W/E12/D/CL,Color_Temperature
SU-G40/LED/FS/8W/D/CL,Color_Temperature
SU-G30/LED/FS/8W/CL,Color_Temperature
SU-G25/LED/FS/6W/D/CL,Color_Temperature
LT-LEDQT-42-WH,Color_Temperature
SU-G16.5/LED/FS/3W/E12/D/CL,Color_Temperature
PI-PT-T5-4FB-24W,Color_Temperature
SU-G16/LED/FS/3W/E26/D/CL,Color_Temperature
SU-CFC/LED/FS/5W/E12/D/CL,Color_Temperature
SU-CTC/LED/FS/5W/E12/D/CL,Color_Temperature
LT-LED-LFR4,Color_Temperature
SU-A19/LED/FS/4.5W,Color_Temperature
LT-LED-LFR56,Color_Temperature
PI-PT-FLM1-50W-,Color_Temperature
PI-PT-FLM1-50W,Color_Temperature
LT-LED-LFR6DC,Color_Temperature
PI-PT-FLM1-30W-,Color_Temperature
LT-LEDH-NCR4ICAR,Color_Temperature
PI-PT-FLM1-30W,Color_Temperature
LT-LEDH-NCR5ICAR,Color_Temperature
PI-PT-FLM1-15W-,Color_Temperature
PI-PT-FLM1-15W,Color_Temperature
ML-RKFSF-24LED12DMVFR,Color_Temperature
HU-DZ3X-T-D-M,Color_Temperature
ML-RG-24LED57DMV,Color_Temperature
ML-RG-14LED57DMV,Color_Temperature
ML-RG-22LED28DMV,Color_Temperature
ML-MFPELA-24LED50DMV,Color_Temperature
ML-MFPELA-22LED36DMV,Color_Temperature
ML-MFPELA-14LED36DMV,Color_Temperature
ML-SKB-24LED50DMVWH,Color_Temperature
ML-SKB-14LED40DMVWH,Color_Temperature
ML-SKB-22LED40DMVWH,Color_Temperature
ML-MCH-W48LED96DMVWHMW,Color_Temperature
ML-MCH-W24LED48DMVWHMW,Color_Temperature
ML-LL-P96LEDD96DMVWHFR,Color_Temperature
ML-LL-P48LEDD48DMVWHFR,Color_Temperature
ML-FHBC-48LED97DMV,Color_Temperature
OD-L11PAR30LNDIM,Color_Temperature
OD-21966-MRNU,Color_Temperature
OD-L16R40DIM,Color_Temperature
OD-L9AOMDIM,Color_Temperature
OD-21401-MRNU,Color_Temperature
OD-21948-MRNU,Color_Temperature
OD-21931-MRNU,Color_Temperature
OD-21929-MRNU,Color_Temperature
OD-21906-MRNU,Color_Temperature
OD-21801-MRNU,Color_Temperature
OD-21456-MRNU,Color_Temperature
OD-21457-MRNU,Color_Temperature
ELI-E3PL4A,Color_Temperature
ELI-E3PL2A,Color_Temperature
ELI-E3FMA,Color_Temperature
TL-PL2X4-40-CK-3CCT,Color_Temperature
TL-PL2X4-40W-CK,Color_Temperature
TL-PL2x2-30W-CK,Color_Temperature
ETH-TRK-24-34W,Color_Temperature
ETH-TRK-22-30W,Color_Temperature
ETH-72W-126-28-TG-01,Color_Temperature
ETH-WRP-4-40W,Color_Temperature
ETH-M03-60W-H,Color_Temperature
ETH-M02-30W-H,Color_Temperature
ETH-LS-8-65W,Color_Temperature
BL-BWALED4FT-40,Color_Temperature
TF-SES25RFSF117X1WHLN15W,Color_Temperature
TF-SES25RFSF132X1WHLN18W,Color_Temperature
TF-SES25RFSF1328X1WHLN18W,Color_Temperature
TF-PLIN2328X1WHLN18W,Color_Temperature
ILP-CHB-190WLED-UNIV,Color_Temperature
ILP-CHB-120WLED-UNIV,Color_Temperature
TF-SES25FR132X1LN18W,Color_Temperature
TF-SES25FR1328X118W,Color_Temperature
TF-153A23212X1LN18W,Color_Temperature
TF-153A217X1LN18W,Color_Temperature
TF-153A317X1LN18W,Color_Temperature
TF-153A417X1LN18W,Color_Temperature
ILP-LANCE22-24L-U,Color_Temperature
TF-153A232X1LN18W,Color_Temperature
TF-153A332X1LN18W,Color_Temperature
TF-153A432X1LN18W,Color_Temperature
ILP-LANCE14-23L-U,Color_Temperature
TF-SHUCPF23212X1LN18W,Color_Temperature
TF-SHUCPF217X1LN18W,Color_Temperature
TF-SHUCPF317X1LN18W,Color_Temperature
TF-SHUCPF232X1LN18W,Color_Temperature
TF-SHUCPF332X1LN18W,Color_Temperature
TF-SHUDPF217X1LN15W,Color_Temperature
TF-SHUDPF232X1LN18W,Color_Temperature
ILP-WPMO-70WLED-UNIV,Color_Temperature
TF-PUF23211X1LN18W,Color_Temperature
TF-PUF41717X1LN15W,Color_Temperature
TF-PUF43217X1LN18W,Color_Temperature
TF-HBC632M23X1LN18W,Color_Temperature
TF-HBC832M23X1LN18W,Color_Temperature
TF-HBC1032M23X1LN18W,Color_Temperature
TF-HBG432M23X1LN18W,Color_Temperature
TF-HBG632M23X1LN18W,Color_Temperature
TF-HBG832M23X1LN18W,Color_Temperature
TF-HBG1032M23X1LN18W,Color_Temperature
TF-HBG1232M23X1LN18W,Color_Temperature
TF-H6L4328M23X1LN18W,Color_Temperature
TF-H6L432M23X1LN18W,Color_Temperature
TF-H6L6328M23X1LN18W,Color_Temperature
TF-H6L632M23X1LN18W,Color_Temperature
TF-H2L132M23X1LN18W,Color_Temperature
TF-H2L232M23X1LN18W,Color_Temperature
TF-FHBL232X1LN18W,Color_Temperature
TF-FHBL332X1LN18W,Color_Temperature
TF-FHBL432X1LN18W,Color_Temperature
TF-FHBL2328X1LN18W,Color_Temperature
TF-FHBL3328X1LN18W,Color_Temperature
TF-207A217X1LN15W,Color_Temperature
TF-207A232X1LN18W,Color_Temperature
TF-207A332X1LN18W,Color_Temperature
TF-207A432X1LN18W,Color_Temperature
TF-209A232AX1LN18W,Color_Temperature
TF-200A217X1LN15W,Color_Temperature
TF-200A232X1LN18W,Color_Temperature
TF-200A2328X1LN18W,Color_Temperature
TF-200A432X1LN18W,Color_Temperature
TF-200A4328X1LN18W,Color_Temperature
TF-201A117X1LN18W,Color_Temperature
TF-201A132X1LN18W,Color_Temperature
TF-159A117X1LN18W,Color_Temperature
TF-159A132X1LN18W,Color_Temperature
TF-159A1328X1LN18W,Color_Temperature
TF-C217X1LI18W,Color_Temperature
TF-C317X1LI18W,Color_Temperature
TF-C232X1LI18W,Color_Temperature
TF-C332X1LI18W,Color_Temperature
TF-C2328X1LI18W,Color_Temperature
TF-S117X1LI18W,Color_Temperature
TF-S132X1LI18W,Color_Temperature
TF-S1328X1LI18W,Color_Temperature
TF-KDST8117X1LI18W,Color_Temperature
TF-KDST8132X1LI18W,Color_Temperature
TF-LLS132X1LI18W,Color_Temperature
TF-SM117X1LI15W,Color_Temperature
TF-SM217X1LI18W,Color_Temperature
TF-SM132X1LI18W,Color_Temperature
TF-SM232X1LI18W,Color_Temperature
TF-IND332W30X1LI18W,Color_Temperature
TF-IND2328W30X1LI18W,Color_Temperature
TF-IND3328W30X1LI18W,Color_Temperature
TF-ITB132X1LI18W,Color_Temperature
TF-ITB232X1LI18W,Color_Temperature
TF-ITB1328X1LI18W,Color_Temperature
TF-ITB2328X1LI18W,Color_Temperature
TF-CITCL232X1LN18W,Color_Temperature
TF-CITLB2328X1LN18W,Color_Temperature
TF-CITOL332 SBA3X1LN18W,Color_Temperature
TF-CITOL332 SBA3X1LN,Color_Temperature
TF-555MW232X1LN18W,Color_Temperature
TF-44WSF117X1WHLN15W,Color_Temperature
TF-44WSF217X1WHLN15W,Color_Temperature
TF-44WSF132X1WHLN18W,Color_Temperature
TF-44WSF232X1WHLN18W,Color_Temperature
TF-44WSF1328X1WHLN18W,Color_Temperature
TF-44WSF2328X1WHLN18W,Color_Temperature
TF-66WMW117X1WHLN15W,Color_Temperature
TF-66WMW217X1WHLN15W,Color_Temperature
TF-66WMW132X1WHLN18W,Color_Temperature
TF-66WMW232X1WHLN18W,Color_Temperature
TF-66WMW1328X1WHLN18W,Color_Temperature
TF-215A1U1D17DFX1LN15W,Color_Temperature
TF-215A1U1D32DFX1LN18W,Color_Temperature
TF-215A1U2D17DFX1LN15W,Color_Temperature
TF-215A1U2D32DFX1LN18W,Color_Temperature
TF-215A2U1D17DFX1LN15W,Color_Temperature
TF-215A2U1D32DFX1LN18W,Color_Temperature
TF-215A2U2D17DFX1LN15W,Color_Temperature
TF-215A2U2D32DFX1LN18W,Color_Temperature
TF-WPU217X1LN15W,Color_Temperature
TF-WPU232X1LN18W,Color_Temperature
TF-SKB132B4L11X1LI18W,Color_Temperature
TF-SKB232B4L11X1LI18W,Color_Temperature
TF-SKB1328B4L11X1LI18W,Color_Temperature
TF-SKB2328B4L11X1LI18W,Color_Temperature
TF-SKB132B5L11X1LI18W,Color_Temperature
TF-SKB232B5L11X1LI18W,Color_Temperature
TF-SKB1328B5L11X1LI18W,Color_Temperature
TF-SKB2328B5L11X1LI18W,Color_Temperature
TF-SKR132W10L11X1LI18W,Color_Temperature
TF-SKR232W10L11X1LI18W,Color_Temperature
TF-SKR1328W10L11X1LI18W,Color_Temperature
TF-SKR2328W10L11X1LI18W,Color_Temperature
TF-SKR132M20L11X1LI18W,Color_Temperature
TF-SKR232M20L11X1LI18W,Color_Temperature
TF-SKR1328M20L11X1LI18W,Color_Temperature
TF-SKR2328M20L11X1LI18W,Color_Temperature
TF-CEOL13W1000LD120WH,Color_Temperature
TF-CEOL11W912LMVWH,Color_Temperature
TF-TOPL13W1000LD120BK,Color_Temperature
ILP-WPLP,Color_Temperature
ILP-AL-56WU,Color_Temperature
TF-22C2M20BL11X1LI15W,Color_Temperature
TF-22C2W10BL11X1LI15W,Color_Temperature
TF-22C3M20BL11X1LI15W,Color_Temperature
TF-22C3W10BL11X1LI15W,Color_Temperature
TF-24C2M20BL11X1LI18W,Color_Temperature
TF-24C2W10BL11X1LI18W,Color_Temperature
TF-24C3M20BL11X1LI18W,Color_Temperature
TF-24C3W10BL11X1LI18W,Color_Temperature
TF-RLK1X1WR,Color_Temperature
TF-RLK2X1WR,Color_Temperature
TF-RLK3X1WR,Color_Temperature
TF-RLK4X1WR,Color_Temperature
MAG-PL40W6628TG01,Color_Temperature
MAG-PN-40W-120V,Color_Temperature
MAG-PN-45W-120V,Color_Temperature
MAG-PL50W12628TG09,Color_Temperature
MAG-SYHU-TRO025D-6060-A,Color_Temperature
MAG-SYHU-TRO036D-6060-A,Color_Temperature
MAG-SYHU-TRO042D-6012-A,Color_Temperature
MAG-SYHU-TRO050D-6012-A,Color_Temperature
MAG-UE-D10308W,Color_Temperature
MAG-UE-D19012W,Color_Temperature
BL-LEDWPCA12W,Color_Temperature
ILP-PHB-660WLED-UNIV,Color_Temperature
ILP-PHB-495WLED-UNIV,Color_Temperature
ILP-PHB-50WLED-UNIV,Color_Temperature
TF-SBX14LED40DMVWH,Color_Temperature
TF-FPELP22LED40DMVWH,Color_Temperature
TF-FPELP14LED40DMVWH,Color_Temperature
MAG-VPL-LN-20WAN,Color_Temperature
MAG-VPL-LN-60WAN,Color_Temperature
ILP-FML-55WLED-UNIV,Color_Temperature
FL-FI-T8-12W-120-PT,Color_Temperature
FL-FI-STRIP-4FT-40W,Color_Temperature
ELI-E3T8C,Color_Temperature
ELI-E4B414D,Color_Temperature
EL-EPN22,Color_Temperature
EL-EPN24,Color_Temperature
ELI-E3P817D,Color_Temperature
EL-EP20,Color_Temperature
EL-EP30-11W,Color_Temperature
EL-EP30-,Color_Temperature
ELI-E3T8G-17F8,Color_Temperature
EL-EP38,Color_Temperature
ELI-E3T8G-14F,Color_Temperature
ELI-E3T8CG-18,Color_Temperature
ELI-E3T8CG,Color_Temperature
ELI-E1DL22D8,Color_Temperature
ELI-E2DL18D6,Color_Temperature
ELI-ELYWL,Color_Temperature
TF-66RWSF48LR48W4800LDMV,Color_Temperature
MAG-SBC-150W,Color_Temperature
MAG-SBC-185W,Color_Temperature
TF-VAN232X1LN18W,Color_Temperature
TF-VAN217X1LN15W,Color_Temperature
MAG-SBC-300W,Color_Temperature
MAG-SBC-480W,Color_Temperature
TF-FHBL4328X1LN18W,Color_Temperature
OD-L34ST4DIM,Color_Temperature
TF-66PMW217X1WHLN15W,Color_Temperature
TF-44PSF2328X1WHLN18W,Color_Temperature
TF-PLIN232X1WHLN18W,Color_Temperature
TF-44RSF2328X1WHLN18W,Color_Temperature
TF-44RSF1328X1WHLN18W,Color_Temperature
TF-44RSF232X1WHLN18W,Color_Temperature
TF-44RSF132X1WHLN18W,Color_Temperature
TF-44RSF217X1WHLN15W,Color_Temperature
TF-44RSF117X1WHLN15W,Color_Temperature
TF-UDPF232X1LN18W,Color_Temperature
TF-UDPF217X1LN15W,Color_Temperature
OD-L34STK4DIM,Color_Temperature
OD-L23FM16ALDIM,Color_Temperature
OD-CL-L22FM12PLDIM,Color_Temperature
OD-L15WSALDIM,Color_Temperature
OD-L23VL2ALDIM,Color_Temperature
EL-EBRT,Color_Temperature
EL-EPL,Color_Temperature
EE-TCB2X2-26W,Color_Temperature
EE-TRFK2X4,Color_Temperature
EE-SL2-20W,Color_Temperature
EE-SRFK4-26W,Color_Temperature
EL-ET8,Color_Temperature
EL-EUB,Color_Temperature
TF-NOBL13W1000LD120WH,Color_Temperature
TF-LWPFR15W1500LMV,Color_Temperature
TF-MWPFRACL13W1000LD120,Color_Temperature
TF-SWPFRACL13W1000LD120,Color_Temperature
TF-RFSFFR24LJ12W1200LDMV,Color_Temperature
TF-SM24CLY56W5650LVDMV,Color_Temperature
TF-SM22CLY28W2850LVDMV,Color_Temperature
SP-2-0246D-A,Color_Temperature
TF-SS213A48LY45W4500LDMV(20),Color_Temperature
SP-C091D,Color_Temperature
TF-SSSTSMW24LE27W2000LDMV(XX),Color_Temperature
TF-SSSTWFR48LY46W5500LDMV(20)EM,Color_Temperature
SP-1018D,Color_Temperature
SP-1130D,Color_Temperature
SP-DC318D-PD,Color_Temperature
SP-DC614D-PD,Color_Temperature
SP-DC018D-2G-C,Color_Temperature
TF-LPCMW48LS40W4550LG120,Color_Temperature
TF-S96LT57W6400LW35DMV,Color_Temperature
TF-S60LT38W4070LW35DMV,Color_Temperature
TF-S48LT29W3200LW35DMV,Color_Temperature
TF-LCR96L40W5200LMV,Color_Temperature
TF-LCR48L18W2400LMV,Color_Temperature
TF-LRSFR48LS50W5600LDMV,Color_Temperature
SP-FL02xxD-PD-24,Color_Temperature
TF-LRSFR24LS25W2800LDMV,Color_Temperature
SP-MDF032D,Color_Temperature
TF-209FR48LF48W5700LDMV,Color_Temperature
SP-MDF021D,Color_Temperature
SP-MDF075D,Color_Temperature
SP-W260D,Color_Temperature
SP-MDF036D,Color_Temperature
SP-MDF035D,Color_Temperature
SP-W160D,Color_Temperature
SP-W168D,Color_Temperature
SP-FL2103D-C,Color_Temperature
SP-FL2103D-A,Color_Temperature
SP-FL2103D-B,Color_Temperature
SP-3-0115D,Color_Temperature
TF-SLPFR96LS96W9600LDMV,Color_Temperature
TF-SLPFR48LS48W5400LDMV,Color_Temperature
TF-LLLSH48L,Color_Temperature
SP-BH2D,Color_Temperature
SP-BH3D,Color_Temperature
SP-3-0103D,Color_Temperature
SP-3-4001D,Color_Temperature
SP-3-4041D,Color_Temperature
SP-3-4182D,Color_Temperature
SP-3-4121D,Color_Temperature
SP-3-3363D,Color_Temperature
SP-3-3383D,Color_Temperature
SP-3-4311D,Color_Temperature
SP-WP11A-20,Color_Temperature
SP-CP01A-50W,Color_Temperature
SP-C023-65,Color_Temperature
SP-xxxWRD-36W,Color_Temperature
SP-3-1010D-3W,Color_Temperature
SP-3-1020D-4W,Color_Temperature
GL-UCL-9-5-120D,Color_Temperature
GL-LWLV-2-17-MVD,Color_Temperature
GL-LCS-8-68-MVD,Color_Temperature
GL-LCS-8-104-MVD,Color_Temperature
GL-LCS-4-40-MV,Color_Temperature
GL-LCS-2-17-MVD,Color_Temperature
GL-RLP-24-50-MVD,Color_Temperature
GL-RLP-22-40-MVD,Color_Temperature
DG-VN55QF1X48,Color_Temperature
JI-ZY-P1-40W,Color_Temperature
JI-ZY-P4,Color_Temperature
JI-ZY-ST8FT40,Color_Temperature
JI-ZY-R4-36W,Color_Temperature
JI-ZY-SB-300W27,Color_Temperature
JI-ZY-SWP-13W,Color_Temperature
JI-ZY-SWP-20W,Color_Temperature
HU-DZ3X,Color_Temperature
HU-DM60,Color_Temperature
HU-DM150,Color_Temperature
HU-DM120,Color_Temperature
HU-DM240,Color_Temperature
HU-DM300,Color_Temperature
F54T5HO-49W,Color_Temperature
TF-66WMW2328X1WHLN18W,Color_Temperature
ILP-AL-110WU,Color_Temperature
ILP-AL-270WU,Color_Temperature
WM-LPS-S6,Color_Temperature
EL-EM16-7W,Color_Temperature
ILP-AL-130WU,Color_Temperature
ILP-AL-190WU,Color_Temperature
LT-CMED-605-BN,Color_Temperature
TF-HBC1232M23X1LN18W,Color_Temperature
TF-CITCL332X1LN18W,Color_Temperature
SP-2-0249D,Color_Temperature
SP-DC612D,Color_Temperature
SP-FL0324D-PD,Color_Temperature
SP-3-4098D,Color_Temperature
SP-3-4081D,Color_Temperature
SP-3-4031D,Color_Temperature
ILP-WPSO-30WLED-UNIV,Color_Temperature
CTL-LB60A,Color_Temperature
CTL-P13XSP,Color_Temperature
E-LED9WA19/ADV,Color_Temperature
E-LED9WA19/ADV-,Color_Temperature
MX-11A19GUDLED27/G4,Color_Temperature
WM-LPS-1X1,Color_Temperature
EL-DLC4-2,Color_Temperature
EL-DLC4S-,Color_Temperature
EL-DLC6S-,Color_Temperature
EL-DLC6SQ,Color_Temperature
OD-21957-MRNU,Color_Temperature
WM-PL12R,Color_Temperature
WM-PL12,Color_Temperature
MX-MLVT14D40,Color_Temperature
LT-DLED-1565HPC1008,Color_Temperature
TPZ-SMD-5/RND/11,Color_Temperature
TPZ-F-VT4/50W,Color_Temperature
TPZ-F-LWRAP/40W,Color_Temperature
TPZ-F-LWRAP/20W,Color_Temperature
TPZ-F-VTC22-79,Color_Temperature
TPZ-F-VTC22/30,Color_Temperature
TPZ-FL-24/40,Color_Temperature
TPZ-F-L22/40,Color_Temperature
TPZ-F-L22/30,Color_Temperature
BL-BRK-LED4ICN-GR,Color_Temperature
BL-BRK-LED4ICN,Color_Temperature
BL-BRK-LED46-DK-12W,Color_Temperature
BL-LEDRA-11,Color_Temperature
BL-WRE-4FT-44L,Color_Temperature
BL-SL-2FT-25L,Color_Temperature
BL-SL-8FT-80L,Color_Temperature
BL-SL-4FT-46L,Color_Temperature
BL-SL-3FT-33L,Color_Temperature
FL-ETH-A02-100W-HY-H,Color_Temperature
BL-CB24-5L,Color_Temperature
FL-ETH-PLBT-24-XXW,Color_Temperature
FL-ETH-PLBT-22-XXW,Color_Temperature
BL-CB22-3L,Color_Temperature
TF-SBR-12X48,Color_Temperature
WM-T5-TYPA-27W,Color_Temperature
WM-FML-S6-11W,Color_Temperature
WM-PL12-3KIT,Color_Temperature
WM-IGL-1W,Color_Temperature
WM-PL12ADJ,Color_Temperature
WM-PL12S,Color_Temperature
WM-T8-4FT-18W,Color_Temperature
WM-LF3-HL-30W,Color_Temperature
WM-TGL-2X4,Color_Temperature
WM-TGL-2X2,Color_Temperature
WM-LLHB-240W,Color_Temperature
WM-LLHB-180W,Color_Temperature
WM-LLHB-120W,Color_Temperature
WM-LLHB-90W,Color_Temperature
WM-LW360-80W,Color_Temperature
WM-LW360-60W,Color_Temperature
WM-RDL6-ADJ,Color_Temperature
WM-RDL4-ADJ,Color_Temperature
WM-T8-EZ4-HL-15W,Color_Temperature
WM-T8-EZ5-GS-2FT-8W,Color_Temperature
WM-HPL-40W,Color_Temperature
WM-CDX-55W,Color_Temperature
WM-CDX-35W,Color_Temperature
WM-RDL6,Color_Temperature
WM-RDL4,Color_Temperature
WM-SSL6,Color_Temperature
WM-SSL4,Color_Temperature
WM-DLSN6,Color_Temperature
WM-DLSN4,Color_Temperature
WM-DLS6,Color_Temperature
WM-CSL-4FT-40W,Color_Temperature
WM-RSL6-ADJ,Color_Temperature
WM-RSL4-ADJ,Color_Temperature
WM-SDL6-BF,Color_Temperature
WM-RSL4-APD,Color_Temperature
WM-SDL4-BF,Color_Temperature
WM-FML-R6-11W,Color_Temperature
WM-DLSE6,Color_Temperature
WM-DLS4,Color_Temperature
WM-A19-40PK-9W,Color_Temperature
WM-A19-8PK-9W,Color_Temperature
WM-G10-600L,Color_Temperature
WM-A19-FLA-7W,Color_Temperature
WM-LFLV-7W,Color_Temperature
WM-MR16-400L,Color_Temperature
WM-LF12-6W,Color_Temperature
WM-CL-36W,Color_Temperature
WM-PAR30-SN-10W,Color_Temperature
WM-PAR30-LN-10W,Color_Temperature
WM-LPS,Color_Temperature
BL-PNL2X2-40L-PRM,Color_Temperature
BL-PNL1X4-40L,Color_Temperature
BL-PNL2X4-50L,Color_Temperature
BL-PNL2X2-40L,Color_Temperature
WM-ULR-IN-16F-YHO,Color_Temperature
WM-SCPP-UD-4FT-60W,Color_Temperature
WM-SCLL-UD-4FT-60W,Color_Temperature
WM-SCLT-4FT-40W,Color_Temperature
TF-CWLLL96L90W9800LDMV,Color_Temperature
TF-CWLLL48L45W4900LDMV,Color_Temperature
WM-LTR-2X4-50W-PERF,Color_Temperature
WM-LTR-2X2-40W-PERF,Color_Temperature
WM-LSL-8FT-84W,Color_Temperature
WM-LSL-8FT-80W,Color_Temperature
WM-LSL-8FT-80W-A,Color_Temperature
TPZ-F-VTC24-79,Color_Temperature
CTL-LB100A-3WAY,Color_Temperature
CTL-LWP30TUPDN-BZ,Color_Temperature
JI-ZY-P4-40W,Color_Temperature
TPZ-F-FL/70,Color_Temperature
TPZ- F-FL/90,Color_Temperature
TPZ-F-CPS/40W,Color_Temperature
SKU-LA21/25W,Color_Temperature
TPZ-LA19/6W,Color_Temperature
TPZ-LA19/9W,Color_Temperature
EX-DBAL-50W,Color_Temperature
EX-WPG-40W,Color_Temperature
EX-DCAL-50W,Color_Temperature
EX-FL-70W,Color_Temperature
EX-CPS-28W-G,Color_Temperature
EX-LHB-ECO-110W,Color_Temperature
EX-LHB-ECO-160W,Color_Temperature
EX-FLL-200W,Color_Temperature
EX-WPS-120W,Color_Temperature
EX-CPS-70W-G,Color_Temperature
EX-DBAL-80W,Color_Temperature
EX-DCAL-80W,Color_Temperature
EX-DDAL-200W,Color_Temperature
EX-WPC-80W,Color_Temperature
EX-WPG-60W,Color_Temperature
EX-FL-100W,Color_Temperature
EX-ST-1200W,Color_Temperature
EX-DBAL-200W,Color_Temperature
EX-WPS-35W,Color_Temperature
TPZ-LPLT9D,Color_Temperature
EX-ST-500W,Color_Temperature
EX-PTS-50W,Color_Temperature
EX-PTS-100W,Color_Temperature
EX-FL-30W,Color_Temperature
EX-LHB-ECO-220W,Color_Temperature
EX-ST-800W,Color_Temperature
EX-LHB-ECO-320W,Color_Temperature
EX-FL-15W,Color_Temperature
EX-DDAL-150W,Color_Temperature
EX-DCAL-200W,Color_Temperature
PI-PT-LSFA-4F,Color_Temperature
PI-PT-LSFA-8F,Color_Temperature
PI-PT-WA1-4F7I-40W,Color_Temperature
TPZ-LA19/12,Color_Temperature
PI-PT-VT1-4F-45W,Color_Temperature
PI-PT-T8-2FB-8W,Color_Temperature
PI-PT-T8-4FB-12W,Color_Temperature
PI-PT-T8I-4F-30W,Color_Temperature
TPZ-LP20/7,Color_Temperature
TPZ-LP30/10,Color_Temperature
PI-PT-T8-4FB-22W,Color_Temperature
PI-PT-T8I-8F-60W,Color_Temperature
TPZ-LA19/12W,Color_Temperature
LOD-12WT83FT,Color_Temperature
LOD-T88FT-38W,Color_Temperature
LOD-EXT82FD-10W,Color_Temperature
LOD-2FTSL22WDF,Color_Temperature
TPZ-SDL4/12,Color_Temperature
LOD-MTRT-2FT25WX2,Color_Temperature
LOD-U2FT-15W,Color_Temperature
LOD-DL4EB-10W,Color_Temperature
LOD-G1 120V-40W_PAR56-DIM 15D/25D 25D,Color_Temperature
BL-WLE-4FT-40L,Color_Temperature
BL-BLED2N-AT-QN,Color_Temperature
BL-BRK-4-BW,Color_Temperature
BL-BRK-56-BW-9L,Color_Temperature
BL-BRK-56-BW-15L,Color_Temperature
BL-BRK-LED6ICN9.5W,Color_Temperature
BL-BRK-LED6ICN-GR-11W,Color_Temperature
GC-6.5MR16DIM,Color_Temperature
BL-BRK-LED2ICN-GR-6.5W,Color_Temperature
GC-9BR30DIM,Color_Temperature
GC-17T8U6,Color_Temperature
GC-8.5PLV,Color_Temperature
BL-LED-FSP-WH4,Color_Temperature
BL-LED-FRP-WH6,Color_Temperature
BL-UTDR-4-7L,Color_Temperature
BL-DR-T525W,Color_Temperature
GC-15.5PAR38,Color_Temperature
BL-BOL-R-27L,Color_Temperature
GC-6.5MR16,Color_Temperature
BL-BOL-S-27L,Color_Temperature
GC-11.5T5HO/2F,Color_Temperature
BL-CYL-UPDN-2L,Color_Temperature
BL-WPE-3L,Color_Temperature
GC-13T8/4F/DIM,Color_Temperature
BL-PDL-4L,Color_Temperature
BL-WPA-3L,Color_Temperature
BL-LED-FSP-WH6,Color_Temperature
BL-UTDR-6-9L,Color_Temperature
BL-PTFR-7L,Color_Temperature
GC-10.5T5HO/2F,Color_Temperature
BL-CPLED-3,Color_Temperature
BL-WPT-6L,Color_Temperature
GC-11PAR30,Color_Temperature
GC-13.5PAR38DIM,Color_Temperature
GC-12PAR38DIM,Color_Temperature
BL-WPA-11L,Color_Temperature
BL-CPLED-5,Color_Temperature
BL-PTFR-10L,Color_Temperature
BL-PDL-9L,Color_Temperature
BL-WPA-8L,Color_Temperature
BL-WPA-7L,Color_Temperature
BL-WPA-4L,Color_Temperature
GC-14.5PLH,Color_Temperature
BL-WPT-8L,Color_Temperature
BL-WPT-10L,Color_Temperature
BL-WPT-16L,Color_Temperature
GC-30PAR38HODIM,Color_Temperature
BL-CPLED-7,Color_Temperature
BL-CPLED-13,Color_Temperature
BL-PDL-13L,Color_Temperature
GC-5GU10DIM,Color_Temperature
GC-17PLV,Color_Temperature
GC-9PLO,Color_Temperature
GC-15.5PLH,Color_Temperature
GC-15A21DIM,Color_Temperature
GC-11A19,Color_Temperature
GC-15A21,Color_Temperature
GC-9.5A19DIM,Color_Temperature
GC-13A19DIM,Color_Temperature
GC-13PLL,Color_Temperature
GC-17PLL,Color_Temperature
GC-16PLL,Color_Temperature
GC-10PLL,Color_Temperature
GC-12T8/4F,Color_Temperature
GC-10T8/4F,Color_Temperature
GC-8.5PLL,Color_Temperature
GC-19.5PAR38HODIM,Color_Temperature
GC-9.5T5HE,Color_Temperature
GC-16.5PLV,Color_Temperature
GC-5.5PLSH,Color_Temperature
GC-5.5PLSV,Color_Temperature
GC-12T5HE,Color_Temperature
GC-8PLH,Color_Temperature
GC-5.5PLV,Color_Temperature
WM-LRSL-4FT-2L-6PK,Color_Temperature
OD-L9NAOMDIM,Color_Temperature
WM-LRSL-8FT-T4L-6PK,Color_Temperature
WM-LP-2X4-50W,Color_Temperature
WM-CL-EHL-120W,Color_Temperature
WM-CL-EHL-100W,Color_Temperature
WM-CL-EHL-75W,Color_Temperature
WM-CL-EHL-54W,Color_Temperature
WM-CL-EHL-45W,Color_Temperature
WM-CL-EHL-36W-E39,Color_Temperature
WM-CL-EHL-36W-E26,Color_Temperature
WM-CL-EHL-27W,Color_Temperature
WM-CL-EHL-18W,Color_Temperature
WM-CL-EHL-12W,Color_Temperature
OD-9W/ODT2S,Color_Temperature
OD-13W/ODT2S/E12,Color_Temperature
OD-18W/ODT2S,Color_Temperature
OD-13W/ODSGU,Color_Temperature
WM-CDLX-SM-5-25W,Color_Temperature
OD-18W/ODT2SGU,Color_Temperature
OD-23W/ODT2SGU,Color_Temperature
OD-26W/ODSGU,Color_Temperature
WM-CDLX-MD-15-45W,Color_Temperature
WM-CDLX-LG-30-80W,Color_Temperature
WM-GL-12V-12W,Color_Temperature
OD-85W/ODSP,Color_Temperature
OD-55W/ODS,Color_Temperature
WM-GL-12V-24W,Color_Temperature
WM-GL-12W,Color_Temperature
OD-ODS9W,Color_Temperature
WM-GL-24W,Color_Temperature
OD-ODS13W/4P,Color_Temperature
OD-ODD18W,Color_Temperature
OD-ODD18W/4P,Color_Temperature
OD-ODD26W,Color_Temperature
OD-ODD26W/4P,Color_Temperature
OD-ODT42W/4P,Color_Temperature
OD-ODT57W/4P,Color_Temperature
OD-ODLL40W,Color_Temperature
OD-ODLL55W,Color_Temperature
OD-L9A19N,Color_Temperature
OD-L11A19N,Color_Temperature
OD-L15A19N,Color_Temperature
WM-LFX-XS-15W,Color_Temperature
WM-LFX-SM-10-30W,Color_Temperature
WM-LFX-MD-15-50W,Color_Temperature
OD-L10HPAR30DIM/FL,Color_Temperature
OD-L11HPAR30LNDIM/FL,Color_Temperature
OD-L17PAR38DIM/FL,Color_Temperature
WM-LFE-15W,Color_Temperature
OD-L6MR16DIM/FL,Color_Temperature
OD-L6MRGUDIM/FL,Color_Temperature
WM-LFE-15W-KN,Color_Temperature
WM-LFX-LG-50-150W,Color_Temperature
WM-LFX-SM-10-30W-KN,Color_Temperature
ILP-RB3-13L-U,Color_Temperature
WM-LFX-XL-150-300W,Color_Temperature
ILP-RB3-19L-U,Color_Temperature
ILP-RB3-25L-U,Color_Temperature
ILP-RB3-31L-U,Color_Temperature
ILP-EDV-12L-U,Color_Temperature
ILP-EDV-18L-U,Color_Temperature
ILP-EDV-24L-U,Color_Temperature
ILP-EVT-12L-U,Color_Temperature
ILP-EVT-18L-U,Color_Temperature
ILP-EVT-24L-U,Color_Temperature
ILP-EVT-30L-U,Color_Temperature
ILP-EVT-36L-U,Color_Temperature
ILP-EVT-42L-U,Color_Temperature
ILP-EVT-56L-U,Color_Temperature
ILP-VLN22-3L-U,Color_Temperature
ILP-VPAN14-22L/27L/33L-U,Color_Temperature
ILP-VPAN22-27L/33L/44L-U,Color_Temperature
ILP-VPAN24-66L-U,Color_Temperature
ILP-VVT2-3L-U,Color_Temperature
ILP-WTZ4-4L-U,Color_Temperature
ILP-VPAN24-33L/44L/55L-U,Color_Temperature
ILP-VLN22-4L-U,Color_Temperature
ILP-VLN24-3L-U-40,Color_Temperature
ILP-WTZ4-7L-U,Color_Temperature
ILP-VLN24-4L-U,Color_Temperature
ILP-VLN24-7L-U,Color_Temperature
ILP-VVT4-4L-U,Color_Temperature
RP-8081-40,Color_Temperature
RP-4318-1-30,Color_Temperature
RP-8708,Color_Temperature
RP-8742-1WH-90,Color_Temperature
RP-8742-2WH-90,Color_Temperature
RP-8554WH-90,Color_Temperature
RP-8542-2WH-90,Color_Temperature
RP-8773WH,Color_Temperature
RP-8775WH-90K,Color_Temperature
WM-T8-HL-4FT-DIM-18W,Color_Temperature
WM-T8-4FT-TYPB-2E-18W,Color_Temperature
ESL-Ti-4-S-13W-2L,Color_Temperature
ESL-Ti-4-S-15W-2L,Color_Temperature
ESL-Ti-4-S-18W-2L,Color_Temperature
ESL-Ti-4-S-22W-2L,Color_Temperature
ESL-TiHO-4-S-30W-2L,Color_Temperature
ESL-Ti-4-S-13W-3L,Color_Temperature
ESL-Ti-4-S-15W-3L,Color_Temperature
ESL-Ti-4-S-18W-3L,Color_Temperature
ESL-Ti-4-S-22W-3L,Color_Temperature
ESL-Ti-4-S-13W-4L,Color_Temperature
ESL-Ti-4-S-15W-4L,Color_Temperature
ESL-Ti-4-S-18W-4L,Color_Temperature
MX-AR100HT3-CSBACR,Color_Temperature
MX-AR100HT3-CSBFCR,Color_Temperature
MX-AR100HT3-CSBKCR,Color_Temperature
MX-AR100HT3-CSBWCR,Color_Temperature
MX-AR100HT4-CSBACR,Color_Temperature
MX-AR100HT4-CSBFCR,Color_Temperature
MX-AR100HT4-CSBKCR,Color_Temperature
MX-AR100HT4-CSBTCR,Color_Temperature
MX-AR100HT4-CSBWCR,Color_Temperature
MX-AR100HT5-CSBACR,Color_Temperature
MX-AR100HT5-CSBFCR,Color_Temperature
MX-AR100HT5-CSBKCR,Color_Temperature
MX-AR100HT5-CSBTCR,Color_Temperature
MX-AR100HT5-CSBWCR,Color_Temperature
MX-SDLR820CSWJ,Color_Temperature
MX-SDLR616CSWJ,Color_Temperature
MX-AR100UT3-CSBACR,Color_Temperature
MX-AR100UT3-CSBFCR,Color_Temperature
MX-AR100UT3-CSBKCR,Color_Temperature
MX-AR100UT3-CSBTCR,Color_Temperature
MX-AR100UT3-CSBWCR,Color_Temperature
MX-AR100UT4-CSBACR,Color_Temperature
MX-AR100UT4-CSBFCR,Color_Temperature
MX-AR100UT4-CSBKCR,Color_Temperature
MX-AR100UT4-CSBTCR,Color_Temperature
MX-AR100UT4-CSBWCR,Color_Temperature
WM-LLHB4-100W-MP,Color_Temperature
WM-LLHB4-150W-MP,Color_Temperature
WM-LLHB4-300W-MP,Color_Temperature
TF-CLFRF-96L60W5600LDMV,Color_Temperature
EE-SLTRK22-23W,Color_Temperature
TF-LLLRB99L96W4976L,Color_Temperature
NL-NBXL-150W,Color_Temperature
NL-NBXL-200W,Color_Temperature
NL-NBXL-300W,Color_Temperature
SE-FROZEN-L108,Color_Temperature
SE-FROZEN-L144,Color_Temperature
SE-FORGE-L126,Color_Temperature
SE-CROWN-NARROW-L72-277V,Color_Temperature
SE-CROWN-NARROW-L45-277V,Color_Temperature
SE-PATH-L150-120V,Color_Temperature
SE-LINCUS-L24,Color_Temperature
SE-LINCUS-L18,Color_Temperature
SE-CROWN-L24,Color_Temperature
SE-CROWN-L96,Color_Temperature
SE-STRIDE-L144,Color_Temperature
SE-STRIDE-L96,Color_Temperature
SE-TINA-L120,Color_Temperature
SE-FRIO4-L144,Color_Temperature
SE-PHOENIX-L120,Color_Temperature
SE-CREST NARROW-,Color_Temperature
SP-FL02xxD-PD-54,Color_Temperature
SP-FL02xxD-PD-39,Color_Temperature
TF-L23PSF96LT,Color_Temperature
TF-L23PSF48LT,Color_Temperature
OD-CL-L15FM12PLDIM,Color_Temperature
SP-DC618D-PD,Color_Temperature
SP-FL2106D-C,Color_Temperature
SP-FL2105D-C,Color_Temperature
TL-CDL1MAX-8-25W,Color_Temperature
SP-FL2106D-A,Color_Temperature
SP-FL2105D-A,Color_Temperature
T1-SLED-872,Color_Temperature
T1-SLED-848,Color_Temperature
T1-SLED-436,Color_Temperature
LT-MMTâ€S308,Color_Temperature
BL-LEDRA-14,Color_Temperature
T1-IHBLED4-B/481,Color_Temperature
T1-IHBLED4-B/321,Color_Temperature
T1-IHBLED4-B/281,Color_Temperature
SP-FL2106D-B,Color_Temperature
SP-FL2105D-B,Color_Temperature
TPZ-SMD-5/RND/17,Color_Temperature
SP-DC614D,Color_Temperature
SP-C034-65,Color_Temperature
SP-646STD-HO,Color_Temperature
SP-634STD-HO,Color_Temperature
SP-624STD-36W,Color_Temperature
SP-FL2106D,Color_Temperature
SP-FL2105D,Color_Temperature
SP-3-0615D,Color_Temperature
TF-SBR-24X48,Color_Temperature
TF-SBR-24X24,Color_Temperature
TF-MAX3FR-24L,Color_Temperature
TF-MAX3FR-48L,Color_Temperature
TF-LLLSH96L,Color_Temperature
TF-MAX3FR-36L,Color_Temperature
ILP-LANCE14-29L-U,Color_Temperature
ILP-LANCE14-40L-U,Color_Temperature
ILP-LANCE14-49L-U,Color_Temperature
ILP-LANCE14-61L-U,Color_Temperature
ILP-LANCE22-31L-U,Color_Temperature
ILP-LANCE22-34L-U,Color_Temperature
ILP-LANCE22-37L-U,Color_Temperature
ILP-LANCE22-48L-U,Color_Temperature
ILP-LANCE24-30L-U,Color_Temperature
ILP-LANCE24-37L-U,Color_Temperature
ILP-LANCE24-43L-U,Color_Temperature
ILP-LANCE24-49L-U,Color_Temperature
ILP-LANCE24-54L-U,Color_Temperature
ILP-LANCE24-62L-U,Color_Temperature
ILP-HZB2-12L-U,Color_Temperature
ILP-FX4-12W-U,Color_Temperature
ILP-HZV2-2L-U,Color_Temperature
ILP-WTZ2-2L-U,Color_Temperature
ILP-RZ4-20W-U,Color_Temperature
ILP-RZ8-40W-U,Color_Temperature
ILP-WTZ8-14L-U,Color_Temperature
ILP-VOLA14-24L-U,Color_Temperature
ILP-RZ4-32W-U,Color_Temperature
GL-UCL-42-18-120D,Color_Temperature
GL-UCL-33-14-120D,Color_Temperature
ILP-HZB2-18L-U,Color_Temperature
GL-UCL-24-9-120D,Color_Temperature
GL-UCL-21-9-120D,Color_Temperature
ILP-HZV2-4L-U,Color_Temperature
GL-UCL-18-9-120D,Color_Temperature
ILP-RX4-12W-U,Color_Temperature
GL-UCL-12-5-120D,Color_Temperature
ILP-RZ8-64W-U,Color_Temperature
GL-LWLV-4-34-MVD,Color_Temperature
ILP-EDV-15L-U,Color_Temperature
SP-FL0354D-PD,Color_Temperature
SP-FL0339D-PD,Color_Temperature
TF-SBCST-24X24LP,Color_Temperature
TF-SBCST-20X20LP,Color_Temperature
TF-SBCST-12X12LP,Color_Temperature
PF-DCSHM-24W,Color_Temperature
PF-DCSHM-36W,Color_Temperature
LLL-LL2G,Color_Temperature
LLL-LRG2-HO,Color_Temperature
LLL-LSG2,Color_Temperature
LLL-LL3G,Color_Temperature
LLL-LL3G-5CCT,Color_Temperature
LLL-LRG3,Color_Temperature
LLL-LSG3,Color_Temperature
LLL-LY6S,Color_Temperature
LLL-LL6SRG,Color_Temperature
LLL-LL4G,Color_Temperature
LLL-LL4G-HO,Color_Temperature
LLL-LRG4,Color_Temperature
LLL-LL4G-DTW,Color_Temperature
LLL-DDC-H060-24V-NA-5M,Color_Temperature
LLL-LL6RRG,Color_Temperature
WM-CRES-51,Color_Temperature
WM-CRL10-18W,Color_Temperature
WM-CRE-01,Color_Temperature
WM-E12-FLA-5W,Color_Temperature
WM-WMX-SM-15-30W,Color_Temperature
WM-CRE-03,Color_Temperature
WM-WMX-MD-20-50W,Color_Temperature
WM-WMX-MD-20-80W,Color_Temperature
WM-WMX-LG-50-120W,Color_Temperature
WM-CRE-06,Color_Temperature
WM-CRE-08,Color_Temperature
WM-WML-HL-60W,Color_Temperature
WM-CRE-07,Color_Temperature
WM-WML-HL-100W,Color_Temperature
WM-CRE-10,Color_Temperature
WM-WML-HL-50W,Color_Temperature
WM-WML-60,Color_Temperature
WM-WAE-4FT,Color_Temperature
WM-UCA-42,Color_Temperature
WM-T8-EZ3-2FT-15W,Color_Temperature
WM-STL3-30W,Color_Temperature
WM-STL3-100W,Color_Temperature
WM-STL3-150W,Color_Temperature
WM-STL3-80W,Color_Temperature
WM-STL3-50W,Color_Temperature
WM-CRL-EGN-18W,Color_Temperature
WM-CRL-EGN-27W,Color_Temperature
WM-CRL-EGN-40W,Color_Temperature
WM-CRE-04,Color_Temperature
WM-CRE-05,Color_Temperature
WM-CRL4-27W,Color_Temperature
WM-CRE-HL20-01,Color_Temperature
WM-CRE-HL20-02,Color_Temperature
WM-CRE-HL20-03,Color_Temperature
WM-CRE-HL20-04,Color_Temperature
WM-CRE-HL20-05,Color_Temperature
WM-CRE-HL20-06,Color_Temperature
WM-CRE-HL20-07,Color_Temperature
WM-CRE-HL20-08,Color_Temperature
WM-CRE-HL20-10,Color_Temperature
WM-CRES-52,Color_Temperature
WM-CRLC6-15W,Color_Temperature
LLL-LL4RR,Color_Temperature
LLL-LB4R,Color_Temperature
TF-SABDP50X50LPD85DMV,Color_Temperature
TF-WABP47X47LYD28DMV,Color_Temperature
TF-LABA2412LYD12WDMV,Color_Temperature
TF-LABA2416LYD12WDMV,Color_Temperature
WM-LF12-6,Color_Temperature
WM-LF3-WH-15,Color_Temperature
TF-LABA2424LYD12WDMV,Color_Temperature
TF-LABA4812LYU12D24DMV,Color_Temperature
TF-LABA4816LYU12D24DMV,Color_Temperature
TF-LABA4824LYU12D24DMV,Color_Temperature
TF-LABA7212LYU18D36DMV,Color_Temperature
TF-LABA7216LYU18D36DMV,Color_Temperature
WM-LP-1X4-45W,Color_Temperature
TF-LABA4812LYD24WDMV,Color_Temperature
TF-LABA7224LYU18D36DMV,Color_Temperature
TF-LABA2424LYU6D12DMV,Color_Temperature
TF-LABA2416LYU6D12DMV,Color_Temperature
TF-LABA2412LYU6D12DMV,Color_Temperature
TF-LABA9624LYU24D48DMV,Color_Temperature
TF-LABA9616LYU24D48DMV,Color_Temperature
TF-LABA9612LYU24D48DMV,Color_Temperature
WM-LPNG-1X4-4KLM,Color_Temperature
WM-LPNG-2X4-5KLM,Color_Temperature
WM-LPNG-2X4-6KLM,Color_Temperature
WM-LPNG-2X4-7KLM,Color_Temperature
WM-LR-ECO-20W,Color_Temperature
TF-LABA7212LYD36WDMV,Color_Temperature
TF-LABA7216LYD36WDMV,Color_Temperature
TF-LABA7224LYD36WDMV,Color_Temperature
TF-LABA9612LYD48WDMV,Color_Temperature
TF-LABA9616LYD48WDMV,Color_Temperature
TF-LABA9624LYD48WDMV,Color_Temperature
TF-LAB2412LYD12WDMV,Color_Temperature
TF-LAB2412LYU6D12DMV,Color_Temperature
TF-LAB2416LYD12WDMV,Color_Temperature
TF-LAB2416LYU6D12DMV,Color_Temperature
TF-LAB2424LYD12WDMV,Color_Temperature
WM-LW360-120W,Color_Temperature
TF-LAB2424LYU6D12DMV,Color_Temperature
TF-LAB4812LYD24WDMV,Color_Temperature
TF-LAB4812LYU12D24DMV,Color_Temperature
TF-LAB4816LYD24WDMV,Color_Temperature
TF-LAB4816LYU12D24DMV,Color_Temperature
TF-LAB4824LYD24WDMV,Color_Temperature
TF-LAB4824LYU12D24DMV,Color_Temperature
TF-454,Color_Temperature
TF-LAB7212LYU18D36DMV,Color_Temperature
TF-LAB7216LYD36WDMV,Color_Temperature
TF-LAB7216LYU18D36DMV,Color_Temperature
TF-LAB7224LYD36WDMV,Color_Temperature
WM-LWPX-50W,Color_Temperature
TF-LABA4816LYD24WDMV,Color_Temperature
TF-LABA4824LYD24WDMV,Color_Temperature
TF-LAB7224LYU18D36DMV,Color_Temperature
TF-LAB9612LYD48WDMV,Color_Temperature
TF-LAB9612LYU24D48DMV,Color_Temperature
TF-LAB9616LYD48WDMV,Color_Temperature
TF-LAB9616LYU24D48DMV,Color_Temperature
TF-LAB9624LYD48WDMV,Color_Temperature
TF-LAB9624LYU24D48DMV,Color_Temperature
WM-PAR36-12W,Color_Temperature
WM-PL120ADJ,Color_Temperature
WM-RDL4-BF,Color_Temperature
WM-RDL6-BF,Color_Temperature
WM-RSLC6-BF,Color_Temperature
WM-SCX-2FT-20W,Color_Temperature
WM-SCX-4FT-40W,Color_Temperature
WM-SCX-6FT-60W,Color_Temperature
WM-SCX-8FT-80W,Color_Temperature
TF-LXT22LZ24W3000LDMV,Color_Temperature
TF-PRLW44RSF24LR16W,Color_Temperature
TF-PRLW44RSF48LR32W,Color_Temperature
TF-PRLW44RSF72LR48W,Color_Temperature
TF-PRLW44RSF96LR64W,Color_Temperature
TF-PRLW46RSF24LR16W,Color_Temperature
TF-PRLW46RSF48LR32W,Color_Temperature
TF-PRLW46RSF72LR48W,Color_Temperature
TF-PRLW46RSF96LR64W,Color_Temperature
TF-RIGP48LC48W,Color_Temperature
TF-RIGP24LC24W,Color_Temperature
TF-RIGP72LC72W,Color_Temperature
TF-RIGP96LC96W,Color_Temperature
TF-PUF22LS24W,Color_Temperature
TF-PUF22LH36W,Color_Temperature
WSD-ST10W27,Color_Temperature
WSD-ST15W27,Color_Temperature
WSD-45WDW27,Color_Temperature
WSD-PT10W27,Color_Temperature
WM-LSWX-5-30W,Color_Temperature
WSD-PT15W27,Color_Temperature
WSD-RPT06W27,Color_Temperature
WSD-SPT06W27,Color_Temperature
WM-SLE-120V,Color_Temperature
WSD-HPT06W27,Color_Temperature
WSD-HPT10W27,Color_Temperature
WM-SLE-12V,Color_Temperature
WSD-BL25W27,Color_Temperature
WM-SLEA-120V,Color_Temperature
WSD-SE40W,Color_Temperature
WM-SLEA-12V,Color_Temperature
WSD-SE60W,Color_Temperature
WSD-HWP45W27,Color_Temperature
WSD-HWP07W27,Color_Temperature
WSD-HWP10W27,Color_Temperature
WSD-HWP12W27,Color_Temperature
WM-LWAX-SM-12W,Color_Temperature
WSD-SWP02W27,Color_Temperature
WSD-SWP45W27,Color_Temperature
WM-PL120ADJ-3KIT,Color_Temperature
WSD-SWP07W27,Color_Temperature
WSD-SWP10W27,Color_Temperature
WSD-45WAWP27,Color_Temperature
WSD-70WAWP27,Color_Temperature
WSD-BWP45W27,Color_Temperature
WSD-BWP07W27,Color_Temperature
WSD-GWP05W27,Color_Temperature
WSD-GWP10W27,Color_Temperature
WSD-GWP07W27,Color_Temperature
WM-SCX-3FT-30W,Color_Temperature
WM-IGL-3W,Color_Temperature
WSD-WP01W27,Color_Temperature
LLL-LRG4-HO,Color_Temperature
WSD-WP015W27,Color_Temperature
WSD-WP02W27,Color_Temperature
LLL-LL4R,Color_Temperature
WSD-PGC45W27,Color_Temperature
WSD-UPGC45W,Color_Temperature
WSD-UPGC07W,Color_Temperature
WSD-UPGC09W,Color_Temperature
WSD-CP95W,Color_Temperature
WSD-CP12W,Color_Temperature
WSD-CP15W,Color_Temperature
WSD-CP20W,Color_Temperature
WSD-FL03W27,Color_Temperature
WSD-FL45W27,Color_Temperature
WSD-FL07W27,Color_Temperature
WSD-10WFL27,Color_Temperature
WM-T5-12IN-5W,Color_Temperature
WSD-15WFL27,Color_Temperature
WM-T5-TYPB-25W,Color_Temperature
WSD-20WFL27,Color_Temperature
LLL-LL4S,Color_Temperature
WSD-LHB2F130W,Color_Temperature
WSD-LHB4F300W,Color_Temperature
WSD-LHB4F255W,Color_Temperature
WSD-LHB2F85W,Color_Temperature
WSD-LHB2F170W,Color_Temperature
WSD-VP2FT25W27,Color_Temperature
WSD-VP4FT45W27-G2,Color_Temperature
WSD-UFO10W27,Color_Temperature
WM-T5-22IN-9W,Color_Temperature
WSD-UFO15W27,Color_Temperature
WM-CRLC8-20W,Color_Temperature
WSD-P14FT36W,Color_Temperature
WSD-P24FT48W,Color_Temperature
WSD-RP4FT40W,Color_Temperature
WSD -ST4FT40,Color_Temperature
WSD-ST8FT64,Color_Temperature
WSD-RP4FT303540W-3545K,Color_Temperature
WM-LSWX-20W,Color_Temperature
LLL-LL6R,Color_Temperature
WSD-CP45W27,Color_Temperature
WSD-PGC07W27,Color_Temperature
WM-CRLC8-15W,Color_Temperature
LLL-LB6R,Color_Temperature
WSD-UFO20W27,Color_Temperature
LLL-LY6RCS,Color_Temperature
WM-CRLC8-15W-D-WH,Color_Temperature
LLL-LL10R,Color_Temperature
LLL-LL8R,Color_Temperature
LLL-LY82RCD,Color_Temperature
WM-IGL-7W,Color_Temperature
WSD-UHB20W48,Color_Temperature
TF-LLLSA97L46W,Color_Temperature
LLL-LL4RBX,Color_Temperature
WSD-UHB15W48,Color_Temperature
LLL-LL4R24V,Color_Temperature
WSD-UHB10W48,Color_Temperature
WM-LCFA-MCT5-WH,Color_Temperature
LLL-LY4S,Color_Temperature
LLL-LL2G24V,Color_Temperature
LLL-LL4RRG,Color_Temperature
LLL-LL4SRG,Color_Temperature
LLL-LD4S,Color_Temperature
LLL-LD6R,Color_Temperature
LLL-LY61RCD,Color_Temperature
LLL-LY61RCD-WET,Color_Temperature
LLL-LRG2,Color_Temperature
WSD-P22FT36W,Color_Temperature
WSD-1L-D236-90,Color_Temperature
LLL-LB4R24V,Color_Temperature
WM-CRLC8-20W-D,Color_Temperature
WM-CRLC6-20W,Color_Temperature
LLL-LY4RCS,Color_Temperature
WM-LW360-40W,Color_Temperature
WM-LWAX-MD-30W,Color_Temperature
WM-SL-30W-D,Color_Temperature
WM-SL-40W,Color_Temperature
WM-CRLC4-15W,Color_Temperature
WM-LRD-10W-3WTR,Color_Temperature
WM-LRD-10W-3WTRPH,Color_Temperature
WM-CRLC4-15W-WH,Color_Temperature
WM-CRLC4-20W-D,Color_Temperature
WM-CRLC4-20W-D-WH,Color_Temperature
WM-CRLC6-15W-MCT-D-,Color_Temperature
WM-LLVT-8FT-100W,Color_Temperature
WM-LLVT-8FT-65W,Color_Temperature
WM-LP-2X2-40W-D,Color_Temperature
LLL-LY41RCD,Color_Temperature
WM-SL-28W-D,Color_Temperature
WM-CRLC4-20W-S,Color_Temperature
WM-T8-EZX-TB-4FT-12-18W,Color_Temperature
TF-LLLRA97L69W,Color_Temperature
TF-LLLSB96L83W,Color_Temperature
TF-LLLSC97L115W,Color_Temperature
TF-DKSWBMW48L,Color_Temperature
TF-DKSWBMW96L,Color_Temperature
TF-LLLSF96L,Color_Temperature
TF-CLLLBF96L,Color_Temperature
TF-CLLLBF144L,Color_Temperature
WM-LF3-300,Color_Temperature
WM-LRD-10W-4WTRPH,Color_Temperature
WM-LRD-10W-4WTRSL,Color_Temperature
WM-LRD-TL-10W-4R,Color_Temperature
WM-LRD-TL-10W-4S,Color_Temperature
WM-LRD-10W-WTR,Color_Temperature
WM-LRD-10W-WTM1,Color_Temperature
WM-LRD-10W-WTM2,Color_Temperature
WM-LRD-10W-WTM3,Color_Temperature
WM-LW360-25W-G2,Color_Temperature
WM-LW360-40W-G2,Color_Temperature
WM-LW360-40W-WH,Color_Temperature
WM-UHB2-150,Color_Temperature
WM-UHB-300,Color_Temperature
WM-LLHB4-50W-480V,Color_Temperature
WM-E12-FLA-5W-BT,Color_Temperature
WM-LWA-20,Color_Temperature
WM-LWA-30,Color_Temperature
WM-LWA-50,Color_Temperature
WM-LSN-4FT-32W,Color_Temperature
WM-LSN-4FT-40W,Color_Temperature
WM-LW360-25W-WH,Color_Temperature
WM-LESW-12W,Color_Temperature
WM-LOHB-4FT-120W-WH,Color_Temperature
WM-LSN-8FT-64W,Color_Temperature
WM-MR16-500L-C90,Color_Temperature
WM-LLHB4-100W-D-480V,Color_Temperature
WM-LLHB4-150W-D-480V,Color_Temperature
WM-LLHB4-300W-D-480V,Color_Temperature
WM-LWAX-SM-12W-WH,Color_Temperature
LLL-LED-6-S12W,Color_Temperature
LLL-LED-S9W,Color_Temperature
LLL-LED-S8W,Color_Temperature
LLL-ADS12R9,Color_Temperature
LLL-ADS7R9,Color_Temperature
LLL-CSC3025,Color_Temperature
LLL-AD-107T,Color_Temperature
WM-CRLC4-20W-SA,Color_Temperature
WM-LRD-7W-3WTRSL,Color_Temperature
WM-LRD-7W-3WTRPH,Color_Temperature
WM-LRD-7W-27K-4WTRPH,Color_Temperature
WM-SL-20W-,Color_Temperature
WM-LRD-7W-4WTRSL,Color_Temperature
WM-UC-ADJ-20,Color_Temperature
WM-LRD-7W-4WTR,Color_Temperature
WM-UC-ADJ-14,Color_Temperature
WM-UC-ADJ-40,Color_Temperature
WM-LRD-7W-4WTRPH,Color_Temperature
WM-T8-EZ6-AHL-2FT-15W-C,Color_Temperature
WM-T8-EZ6-AHL-2FT-15W-F,Color_Temperature
WM-UCW12,Color_Temperature
WM-UCW20,Color_Temperature
WM-UCW32,Color_Temperature
WM-UCW40,Color_Temperature
WM-UCW6,Color_Temperature
WM-UC12,Color_Temperature
WM-UC20,Color_Temperature
WM-UC32,Color_Temperature
WM-UC40,Color_Temperature
WM-T8-HL-8FT-SPLIT-42W,Color_Temperature
WM-T8-EZX-PRO-4FT-18W,Color_Temperature
WM-T8-EZX-PRO-2FT-10W,Color_Temperature
WM-LRD-10W-3WTRSL,Color_Temperature
WM-LRD-7W-3WTR,Color_Temperature
WM-ULR-IP54-16F-HO,Color_Temperature
WM-UC6,Color_Temperature
WM-T8-EZ6-AHL-4FT-18W,Color_Temperature
WM-T8-EZ6-GS-2FT-10W,Color_Temperature
WM-T8-EZ6-GS-3FT-12W,Color_Temperature
WM-T8-HL-8FT-40W,Color_Temperature
WM-LF3-150,Color_Temperature
WM-T5-47IN-16W-D,Color_Temperature
CTL-LB125A21-D,Color_Temperature
CTL-LB1JC,Color_Temperature
CTL-LB150A21-D,Color_Temperature
CTL-LB200A23-D,Color_Temperature
CTL-LB75R30-D,Color_Temperature
CTL-LB90R40-D,Color_Temperature
CTL-LB50MR16-D,Color_Temperature
CTL-LB75PAR30SS-D,Color_Temperature
CTL-LB35MR16-D,Color_Temperature
CTL-LB50GU10-D,Color_Temperature
WM-ULR-OT-16F-HO,Color_Temperature
WM-ULR-OT-49F-HO,Color_Temperature
WM-ULR-OT-49F-XHO,Color_Temperature
CTL-LB48T8-XPNP,Color_Temperature
CTL-LF15BZ,Color_Temperature
WM-CRLC6-20W-S,Color_Temperature
