product_id,parent_sku,child_sku
2568,DG-AFR32Q,"DG-AFR32Q-F-1X37-H-4K-CB,DG-AFR32Q-F-1X37-H-4K-LB,DG-AFR32Q-F-1X37-H-5K-CB,DG-AFR32Q-F-1X37-H-5K-LB,DG-AFR32Q-F-1X65-U-3K-CB,DG-AFR32Q-F-1X65-U-3K-LB,DG-AFR32Q-F-1X65-U-4K-CB,DG-AFR32Q-F-1X65-U-4K-LB,DG-AFR32Q-F-1X65-U-5K-CB,DG-AFR32Q-F-1X65-U-5K-LB,DG-AFR32Q-F-1X65-H-3K-CB,DG-AFR32Q-F-1X65-H-3K-LB,DG-AFR32Q-F-1X65-H-4K-CB,DG-AFR32Q-F-1X65-H-4K-LB,DG-AFR32Q-F-1X65-H-5K-CB,DG-AFR32Q-F-1X65-H-5K-LB,DG-AFR32Q-F-1X100-U-3K-CB,DG-AFR32Q-F-1X100-U-3K-LB,DG-AFR32Q-F-1X100-U-4K-CB,DG-AFR32Q-F-1X100-U-4K-LB,DG-AFR32Q-F-1X100-U-5K-CB,DG-AFR32Q-F-1X100-U-5K-LB,DG-AFR32Q-F-1X100-H-3K-CB,DG-AFR32Q-F-1X100-H-3K-LB,DG-AFR32Q-F-1X100-H-4K-CB,DG-AFR32Q-F-1X100-H-4K-LB,DG-AFR32Q-F-1X100-H-5K-CB,DG-AFR32Q-F-1X100-H-5K-LB,DG-AFR32Q-F-1X140-U-3K-CB,DG-AFR32Q-F-1X140-U-3K-LB,DG-AFR32Q-F-1X140-U-4K-CB,DG-AFR32Q-F-1X140-U-4K-LB,DG-AFR32Q-F-1X140-U-5K-CB,DG-AFR32Q-F-1X140-U-5K-LB,DG-AFR32Q-F-1X140-H-3K-CB,DG-AFR32Q-F-1X140-H-3K-LB,DG-AFR32Q-F-1X140-H-4K-CB,DG-AFR32Q-F-1X140-H-4K-LB,DG-AFR32Q-F-1X140-H-5K-CB,DG-AFR32Q-F-1X140-H-5K-LB"
2579,DG-AFR31Q,"DG-AFR31Q-F-1X37-H-4K-CB,DG-AFR31Q-F-1X37-H-4K-LB,DG-AFR31Q-F-1X37-H-5K-CB,DG-AFR31Q-F-1X37-H-5K-LB,DG-AFR31Q-F-1X65-U-3K-CB,DG-AFR31Q-F-1X65-U-3K-LB,DG-AFR31Q-F-1X65-U-4K-CB,DG-AFR31Q-F-1X65-U-4K-LB,DG-AFR31Q-F-1X65-U-5K-CB,DG-AFR31Q-F-1X65-U-5K-LB,DG-AFR31Q-F-1X65-H-3K-CB,DG-AFR31Q-F-1X65-H-3K-LB,DG-AFR31Q-F-1X65-H-4K-CB,DG-AFR31Q-F-1X65-H-4K-LB,DG-AFR31Q-F-1X65-H-5K-CB,DG-AFR31Q-F-1X65-H-5K-LB,DG-AFR31Q-F-1X100-U-3K-CB,DG-AFR31Q-F-1X100-U-3K-LB,DG-AFR31Q-F-1X100-U-4K-CB,DG-AFR31Q-F-1X100-U-4K-LB,DG-AFR31Q-F-1X100-U-5K-CB,DG-AFR31Q-F-1X100-U-5K-LB,DG-AFR31Q-F-1X100-H-3K-CB,DG-AFR31Q-F-1X100-H-3K-LB,DG-AFR31Q-F-1X100-H-4K-CB,DG-AFR31Q-F-1X100-H-4K-LB,DG-AFR31Q-F-1X100-H-5K-CB,DG-AFR31Q-F-1X100-H-5K-LB,DG-AFR31Q-F-1X140-U-3K-CB,DG-AFR31Q-F-1X140-U-3K-LB,DG-AFR31Q-F-1X140-U-4K-CB,DG-AFR31Q-F-1X140-U-4K-LB,DG-AFR31Q-F-1X140-U-5K-CB,DG-AFR31Q-F-1X140-U-5K-LB,DG-AFR31Q-F-1X140-H-3K-CB,DG-AFR31Q-F-1X140-H-3K-LB,DG-AFR31Q-F-1X140-H-4K-CB,DG-AFR31Q-F-1X140-H-4K-LB,DG-AFR31Q-F-1X140-H-5K-CB,DG-AFR31Q-F-1X140-H-5K-LB"
2690,DG-FTRBQ,"DG-FTRBQF1X22-C-3K-Z-36,DG-FTRBQF1X22-C-3K-B-36,DG-FTRBQF1X22-C-3K-Z-30,DG-FTRBQF1X22-C-3K-B-30,DG-FTRBQF1X22-C-4K-Z,DG-FTRBQF1X22-C-4K-B,DG-FTRBQF1X22-C-4K-Z-36,DG-FTRBQF1X22-C-4K-B-36,DG-FTRBQF1X22-C-4K-Z-30,DG-FTRBQF1X22-C-4K-B-30,DG-FTRBQF1X22-C-5K-Z,DG-FTRBQF1X22-C-5K-B,DG-FTRBQF1X22-C-5K-Z-36,DG-FTRBQF1X22-C-5K-B-36,DG-FTRBQF1X22-C-5K-Z-30,DG-FTRBQF1X22-C-5K-B-30"
2711,DG-AFS30Q,"DG-AFS30QC1X37-U-5K-CZ,DG-AFS30QC1X37-U-5K-CB,DG-AFS30QC1X37-U-5K-LZ,DG-AFS30QC1X37-U-5K-LB,DG-AFS30QC1X37-H-3K-CZ,DG-AFS30QC1X37-H-3K-CB,DG-AFS30QC1X37-H-3K-LZ,DG-AFS30QC1X37-H-3K-LB,DG-AFS30QC1X37-H-4K-CZ,DG-AFS30QC1X37-H-4K-CB,DG-AFS30QC1X37-H-4K-LZ,DG-AFS30QC1X37-H-4K-LB,DG-AFS30QC1X37-H-5K-CZ,DG-AFS30QC1X37-H-5K-CB,DG-AFS30QC1X37-H-5K-LZ,DG-AFS30QC1X37-H-5K-LB,DG-AFS30QC1X65-U-3K-CZ,DG-AFS30QC1X65-U-3K-CB,DG-AFS30QC1X65-U-3K-LZ,DG-AFS30QC1X65-U-3K-LB,DG-AFS30QC1X65-U-4K-CZ,DG-AFS30QC1X65-U-4K-CB,DG-AFS30QC1X65-U-4K-LZ,DG-AFS30QC1X65-U-4K-LB,DG-AFS30QC1X65-U-5K-CZ,DG-AFS30QC1X65-U-5K-CB,DG-AFS30QC1X65-U-5K-LZ,DG-AFS30QC1X65-U-5K-LB,DG-AFS30QC1X65-H-3K-CZ,DG-AFS30QC1X65-H-3K-CB,DG-AFS30QC1X65-H-3K-LZ,DG-AFS30QC1X65-H-3K-LB,DG-AFS30QC1X65-H-4K-CZ,DG-AFS30QC1X65-H-4K-CB,DG-AFS30QC1X65-H-4K-LZ,DG-AFS30QC1X65-H-4K-LB,DG-AFS30QC1X65-H-5K-CZ,DG-AFS30QC1X65-H-5K-CB,DG-AFS30QC1X65-H-5K-LZ,DG-AFS30QC1X65-H-5K-LB,DG-AFS30QC1X100-U-3K-CZ,DG-AFS30QC1X100-U-3K-CB,DG-AFS30QC1X100-U-3K-LZ,DG-AFS30QC1X100-U-3K-LB,DG-AFS30QC1X100-U-4K-CZ,DG-AFS30QC1X100-U-4K-CB,DG-AFS30QC1X100-U-4K-LZ,DG-AFS30QC1X100-U-4K-LB,DG-AFS30QC1X100-U-5K-CZ,DG-AFS30QC1X100-U-5K-CB"
2920,DG-AFS31Q,"DG-AFS31Q-F1X37H-4K-CB,DG-AFS31Q-F1X37-H-4K-LB,DG-AFS31Q-F1X37-H-5K-CB,DG-AFS31Q-F1X37-H-5K-LB,DG-AFS31Q-F1X65-U-3K-CB,DG-AFS31Q-F1X65-U-3K-LB,DG-AFS31Q-F1X65-U-4K-CB,DG-AFS31Q-F1X65-U-4K-LB,DG-AFS31Q-F1X65-U-5K-CB,DG-AFS31Q-F1X65-U-5K-LB,DG-AFS31Q-F1X65-H-3K-CB,DG-AFS31Q-F1X65-H-3K-LB,DG-AFS31Q-F1X65H-4K-CB,DG-AFS31Q-F1X65-H-4K-LB,DG-AFS31Q-F1X65-H-5K-CB,DG-AFS31Q-F1X65-H-5K-LB,DG-AFS31Q-F1X100-U-3K-CB,DG-AFS31Q-F1X100-U-3K-LB,DG-AFS31Q-F1X100-U-4K-CB,DG-AFS31Q-F1X100-U-4K-LB,DG-AFS31Q-F1X100-U-5K-CB,DG-AFS31Q-F1X100-U-5K-LB,DG-AFS31Q-F1X100-H-3K-CB,DG-AFS31Q-F1X100-H-3K-LB,DG-AFS31Q-F1X100H-4K-CB,DG-AFS31Q-F1X100-H-4K-LB,DG-AFS31Q-F1X100-H-5K-CB,DG-AFS31Q-F1X100-H-5K-LB,DG-AFS31Q-F1X140-U-3K-CB,DG-AFS31Q-F1X140-U-3K-LB,DG-AFS31Q-F1X140-U-4K-CB,DG-AFS31Q-F1X140-U-4K-LB,DG-AFS31Q-F1X140-U-5K-CB,DG-AFS31Q-F1X140-U-5K-LB,DG-AFS31Q-F1X140-H-3K-CB,DG-AFS31Q-F1X140-H-3K-LB,DG-AFS31Q-F1X140H-4K-CB,DG-AFS31Q-F1X140-H-4K-LB,DG-AFS31Q-F1X140-H-5K-CB,DG-AFS31Q-F1X140-H-5K-LB"
2962,DG-SBQ,"DG-SBQ-F1X22-C-3K-Z-30,DG-SBQ-F1X22-C-3K-B-,DG-SBQ-F1X22-C-3K-B-36,DG-SBQ-F1X22-C-3K-B-30,DG-SBQ-F1X22-C-4K-Z-,DG-SBQ-F1X22-C-4K-Z-36,DG-SBQ-F1X22-C-4K-Z-30,DG-SBQ-F1X22-C-4K-B-,DG-SBQ-F1X22-C-4K-B-36,DG-SBQ-F1X22-C-4K-B-30,DG-SBQ-F1X22-C-5K-Z-,DG-SBQ-F1X22-C-5K-Z-36,DG-SBQ-F1X22-C-5K-Z-30,DG-SBQ-F1X22-C-5K-B-,DG-SBQ-F1X22-C-5K-B-36,DG-SBQ-F1X22-C-5K-B-30"
3187,LT-LEDH-SR8P-UTD,"LT-LEDH-SR8P-G2-12-32-835-UTD-WH,LT-LEDH-SR8P-G2-18-32-835-UTD-WH,LT-LEDH-SR8P-G2-24-32-835-UTD-WH,LT-LEDH-SR8P-G2-36-32-835-UTD-WH,LT-LEDH-SR8P-G2-48-32-835-UTD-WH,LT-LEDH-SR8P-G2-12-32-835-UTD-BK,LT-LEDH-SR8P-G2-18-32-835-UTD-BK,LT-LEDH-SR8P-G2-24-32-835-UTD-BK,LT-LEDH-SR8P-G2-36-32-835-UTD-BK,LT-LEDH-SR8P-G2-48-32-835-UTD-BK,LT-LEDH-SR8P-G2-12-32-835-UTD-BR,LT-LEDH-SR8P-G2-18-32-835-UTD-BR,LT-LEDH-SR8P-G2-24-32-835-UTD-BR,LT-LEDH-SR8P-G2-36-32-835-UTD-BR,LT-LEDH-SR8P-G2-48-32-835-UTD-BR,LT-LEDH-SR8P-G2-12-32-835-UTD-SI,LT-LEDH-SR8P-G2-18-32-835-UTD-SI,LT-LEDH-SR8P-G2-24-32-835-UTD-SI,LT-LEDH-SR8P-G2-36-32-835-UTD-SI,LT-LEDH-SR8P-G2-48-32-835-UTD-SI,LT-LEDH-SR8P-G2-12-32-840-UTD-WH,LT-LEDH-SR8P-G2-18-32-840-UTD-WH,LT-LEDH-SR8P-G2-24-32-840-UTD-WH,LT-LEDH-SR8P-G2-36-32-840-UTD-WH,LT-LEDH-SR8P-G2-48-32-840-UTD-WH,LT-LEDH-SR8P-G2-12-32-840-UTD-BK,LT-LEDH-SR8P-G2-18-32-840-UTD-BK,LT-LEDH-SR8P-G2-24-32-840-UTD-BK,LT-LEDH-SR8P-G2-36-32-840-UTD-BK,LT-LEDH-SR8P-G2-48-32-840-UTD-BK,LT-LEDH-SR8P-G2-12-32-840-UTD-BR,LT-LEDH-SR8P-G2-18-32-840-UTD-BR,LT-LEDH-SR8P-G2-24-32-840-UTD-BR,LT-LEDH-SR8P-G2-36-32-840-UTD-BR,LT-LEDH-SR8P-G2-48-32-840-UTD-BR,LT-LEDH-SR8P-G2-12-32-840-UTD-SI,LT-LEDH-SR8P-G2-18-32-840-UTD-SI,LT-LEDH-SR8P-G2-24-32-840-UTD-SI,LT-LEDH-SR8P-G2-36-32-840-UTD-SI,LT-LEDH-SR8P-G2-48-32-840-UTD-SI"
3206,LT-LEDH-SR8P-UZTD,"LT-LEDH-SR8P-G2-12-22-835-UZTD-WH,LT-LEDH-SR8P-G2-18-22-835-UZTD-WH,LT-LEDH-SR8P-G2-24-22-835-UZTD-WH,LT-LEDH-SR8P-G2-36-22-835-UZTD-WH,LT-LEDH-SR8P-G2-48-22-835-UZTD-WH,LT-LEDH-SR8P-G2-12-22-835-UZTD-BK,LT-LEDH-SR8P-G2-18-22-835-UZTD-BK,LT-LEDH-SR8P-G2-24-22-835-UZTD-BK,LT-LEDH-SR8P-G2-36-22-835-UZTD-BK,LT-LEDH-SR8P-G2-48-22-835-UZTD-BK,LT-LEDH-SR8P-G2-12-22-835-UZTD-BR,LT-LEDH-SR8P-G2-18-22-835-UZTD-BR,LT-LEDH-SR8P-G2-24-22-835-UZTD-BR,LT-LEDH-SR8P-G2-36-22-835-UZTD-BR,LT-LEDH-SR8P-G2-48-22-835-UZTD-BR,LT-LEDH-SR8P-G2-12-22-835-UZTD-SI,LT-LEDH-SR8P-G2-18-22-835-UZTD-SI,LT-LEDH-SR8P-G2-24-22-835-UZTD-SI,LT-LEDH-SR8P-G2-36-22-835-UZTD-SI,LT-LEDH-SR8P-G2-48-22-835-UZTD-SI,LT-LEDH-SR8P-G2-12-22-840-UZTD-WH,LT-LEDH-SR8P-G2-18-22-840-UZTD-WH,LT-LEDH-SR8P-G2-24-22-840-UZTD-WH,LT-LEDH-SR8P-G2-36-22-840-UZTD-WH,LT-LEDH-SR8P-G2-48-22-840-UZTD-WH,LT-LEDH-SR8P-G2-12-22-840-UZTD-BK,LT-LEDH-SR8P-G2-18-22-840-UZTD-BK,LT-LEDH-SR8P-G2-24-22-840-UZTD-BK,LT-LEDH-SR8P-G2-36-22-840-UZTD-BK,LT-LEDH-SR8P-G2-48-22-840-UZTD-BK,LT-LEDH-SR8P-G2-12-22-840-UZTD-BR,LT-LEDH-SR8P-G2-18-22-840-UZTD-BR,LT-LEDH-SR8P-G2-24-22-840-UZTD-BR,LT-LEDH-SR8P-G2-36-22-840-UZTD-BR,LT-LEDH-SR8P-G2-48-22-840-UZTD-BR,LT-LEDH-SR8P-G2-12-22-840-UZTD-SI,LT-LEDH-SR8P-G2-18-22-840-UZTD-SI,LT-LEDH-SR8P-G2-24-22-840-UZTD-SI,LT-LEDH-SR8P-G2-36-22-840-UZTD-SI,LT-LEDH-SR8P-G2-48-22-840-UZTD-SI,LT-LEDH-SR8P-G2-12-32-827-UZTD-WH,LT-LEDH-SR8P-G2-18-32-827-UZTD-WH,LT-LEDH-SR8P-G2-24-32-827-UZTD-WH,LT-LEDH-SR8P-G2-36-32-827-UZTD-WH,LT-LEDH-SR8P-G2-48-32-827-UZTD-WH,LT-LEDH-SR8P-G2-12-32-827-UZTD-BK,LT-LEDH-SR8P-G2-18-32-827-UZTD-BK,LT-LEDH-SR8P-G2-24-32-827-UZTD-BK,LT-LEDH-SR8P-G2-36-32-827-UZTD-BK,LT-LEDH-SR8P-G2-48-32-827-UZTD-BK"
3836,LT-LEDH-SR6P-UTD,"LT-LEDH-SR6P-G2-12-32-835-UTD-WH,LT-LEDH-SR6P-G2-18-32-835-UTD-WH,LT-LEDH-SR6P-G2-24-32-835-UTD-WH,LT-LEDH-SR6P-G2-36-32-835-UTD-WH,LT-LEDH-SR6P-G2-48-32-835-UTD-WH,LT-LEDH-SR6P-G2-12-32-835-UTD-BK,LT-LEDH-SR6P-G2-18-32-835-UTD-BK,LT-LEDH-SR6P-G2-24-32-835-UTD-BK,LT-LEDH-SR6P-G2-36-32-835-UTD-BK,LT-LEDH-SR6P-G2-48-32-835-UTD-BK,LT-LEDH-SR6P-G2-12-32-835-UTD-BR,LT-LEDH-SR6P-G2-18-32-835-UTD-BR,LT-LEDH-SR6P-G2-24-32-835-UTD-BR,LT-LEDH-SR6P-G2-36-32-835-UTD-BR,LT-LEDH-SR6P-G2-48-32-835-UTD-BR,LT-LEDH-SR6P-G2-12-32-835-UTD-SI,LT-LEDH-SR6P-G2-18-32-835-UTD-SI,LT-LEDH-SR6P-G2-24-32-835-UTD-SI,LT-LEDH-SR6P-G2-36-32-835-UTD-SI,LT-LEDH-SR6P-G2-48-32-835-UTD-SI,LT-LEDH-SR6P-G2-12-32-840-UTD-WH,LT-LEDH-SR6P-G2-18-32-840-UTD-WH,LT-LEDH-SR6P-G2-24-32-840-UTD-WH,LT-LEDH-SR6P-G2-36-32-840-UTD-WH,LT-LEDH-SR6P-G2-48-32-840-UTD-WH,LT-LEDH-SR6P-G2-12-32-840-UTD-BK,LT-LEDH-SR6P-G2-18-32-840-UTD-BK,LT-LEDH-SR6P-G2-24-32-840-UTD-BK,LT-LEDH-SR6P-G2-36-32-840-UTD-BK,LT-LEDH-SR6P-G2-48-32-840-UTD-BK,LT-LEDH-SR6P-G2-12-32-840-UTD-BR,LT-LEDH-SR6P-G2-18-32-840-UTD-BR,LT-LEDH-SR6P-G2-24-32-840-UTD-BR,LT-LEDH-SR6P-G2-36-32-840-UTD-BR,LT-LEDH-SR6P-G2-48-32-840-UTD-BR,LT-LEDH-SR6P-G2-12-32-840-UTD-SI,LT-LEDH-SR6P-G2-18-32-840-UTD-SI,LT-LEDH-SR6P-G2-24-32-840-UTD-SI,LT-LEDH-SR6P-G2-36-32-840-UTD-SI,LT-LEDH-SR6P-G2-48-32-840-UTD-SI"
4510,LT-LEDH-SR5P-UZTD,"LT-LEDH-SR5P-G2-24-22-835-UZTD-WH,LT-LEDH-SR5P-G2-24-22-835-UZTD-BK,LT-LEDH-SR5P-G2-24-22-835-UZTD-BR,LT-LEDH-SR5P-G2-24-22-835-UZTD-SI,LT-LEDH-SR5P-G2-24-22-840-UZTD-WH,LT-LEDH-SR5P-G2-24-22-840-UZTD-BK,LT-LEDH-SR5P-G2-24-22-840-UZTD-BR,LT-LEDH-SR5P-G2-24-22-840-UZTD-SI,LT-LEDH-SR5P-G2-36-22-827-UZTD-WH,LT-LEDH-SR5P-G2-36-22-827-UZTD-BK,LT-LEDH-SR5P-G2-36-22-827-UZTD-BR,LT-LEDH-SR5P-G2-36-22-827-UZTD-SI,LT-LEDH-SR5P-G2-36-22-830-UZTD-WH,LT-LEDH-SR5P-G2-36-22-830-UZTD-BK,LT-LEDH-SR5P-G2-36-22-830-UZTD-BR,LT-LEDH-SR5P-G2-36-22-830-UZTD-SI,LT-LEDH-SR5P-G2-36-22-835-UZTD-WH,LT-LEDH-SR5P-G2-36-22-835-UZTD-BK,LT-LEDH-SR5P-G2-36-22-835-UZTD-BR,LT-LEDH-SR5P-G2-36-22-835-UZTD-SI,LT-LEDH-SR5P-G2-36-22-840-UZTD-WH,LT-LEDH-SR5P-G2-36-22-840-UZTD-BK,LT-LEDH-SR5P-G2-36-22-840-UZTD-BR,LT-LEDH-SR5P-G2-36-22-840-UZTD-SI,LT-LEDH-SR5P-G2-48-22-827-UZTD-WH,LT-LEDH-SR5P-G2-48-22-827-UZTD-BK,LT-LEDH-SR5P-G2-48-22-827-UZTD-BR,LT-LEDH-SR5P-G2-48-22-827-UZTD-SI,LT-LEDH-SR5P-G2-48-22-830-UZTD-WH,LT-LEDH-SR5P-G2-48-22-830-UZTD-BK,LT-LEDH-SR5P-G2-48-22-830-UZTD-BR,LT-LEDH-SR5P-G2-48-22-830-UZTD-SI,LT-LEDH-SR5P-G2-48-22-835-UZTD-WH,LT-LEDH-SR5P-G2-48-22-835-UZTD-BK,LT-LEDH-SR5P-G2-48-22-835-UZTD-BR,LT-LEDH-SR5P-G2-48-22-835-UZTD-SI,LT-LEDH-SR5P-G2-48-22-840-UZTD-WH,LT-LEDH-SR5P-G2-48-22-840-UZTD-BK,LT-LEDH-SR5P-G2-48-22-840-UZTD-BR,LT-LEDH-SR5P-G2-48-22-840-UZTD-SI"
5703,LT-LEDH-SR5P-S-UZTD,"LT-LEDH-SR5P-S-G2-S24-10-835-UZTD-WH,LT-LEDH-SR5P-S-G2-S24-10-835-UZTD-BL,LT-LEDH-SR5P-S-G2-S24-10-835-UZTD-BR,LT-LEDH-SR5P-S-G2-S24-10-835-UZTD-SI,LT-LEDH-SR5P-S-G2-S24-10-840-UZTD-WH,LT-LEDH-SR5P-S-G2-S24-10-840-UZTD-BL,LT-LEDH-SR5P-S-G2-S24-10-840-UZTD-BR,LT-LEDH-SR5P-S-G2-S24-10-840-UZTD-SI,LT-LEDH-SR5P-S-G2-S36-10-827-UZTD-WH,LT-LEDH-SR5P-S-G2-S36-10-827-UZTD-BL,LT-LEDH-SR5P-S-G2-S36-10-827-UZTD-BR,LT-LEDH-SR5P-S-G2-S36-10-827-UZTD-SI,LT-LEDH-SR5P-S-G2-S36-10-830-UZTD-WH,LT-LEDH-SR5P-S-G2-S36-10-830-UZTD-BL,LT-LEDH-SR5P-S-G2-S36-10-830-UZTD-BR,LT-LEDH-SR5P-S-G2-S36-10-830-UZTD-SI,LT-LEDH-SR5P-S-G2-S36-10-835-UZTD-WH,LT-LEDH-SR5P-S-G2-S36-10-835-UZTD-BL,LT-LEDH-SR5P-S-G2-S36-10-835-UZTD-BR,LT-LEDH-SR5P-S-G2-S36-10-835-UZTD-SI,LT-LEDH-SR5P-S-G2-S36-10-840-UZTD-WH,LT-LEDH-SR5P-S-G2-S36-10-840-UZTD-BL,LT-LEDH-SR5P-S-G2-S36-10-840-UZTD-BR,LT-LEDH-SR5P-S-G2-S36-10-840-UZTD-SI,LT-LEDH-SR5P-S-G2-S48-10-827-UZTD-WH,LT-LEDH-SR5P-S-G2-S48-10-827-UZTD-BL,LT-LEDH-SR5P-S-G2-S48-10-827-UZTD-BR,LT-LEDH-SR5P-S-G2-S48-10-827-UZTD-SI,LT-LEDH-SR5P-S-G2-S48-10-830-UZTD-WH,LT-LEDH-SR5P-S-G2-S48-10-830-UZTD-BL,LT-LEDH-SR5P-S-G2-S48-10-830-UZTD-BR,LT-LEDH-SR5P-S-G2-S48-10-830-UZTD-SI,LT-LEDH-SR5P-S-G2-S48-10-835-UZTD-WH,LT-LEDH-SR5P-S-G2-S48-10-835-UZTD-BL,LT-LEDH-SR5P-S-G2-S48-10-835-UZTD-BR,LT-LEDH-SR5P-S-G2-S48-10-835-UZTD-SI,LT-LEDH-SR5P-S-G2-S48-10-840-UZTD-WH,LT-LEDH-SR5P-S-G2-S48-10-840-UZTD-BL,LT-LEDH-SR5P-S-G2-S48-10-840-UZTD-BR,LT-LEDH-SR5P-S-G2-S48-10-840-UZTD-SI"
5746,LT-LEDH-SR6P-UZTD,"LT-LEDH-SR6P-G2-12-32-835-UZTD-WH,LT-LEDH-SR6P-G2-18-32-835-UZTD-WH,LT-LEDH-SR6P-G2-24-32-835-UZTD-WH,LT-LEDH-SR6P-G2-36-32-835-UZTD-WH,LT-LEDH-SR6P-G2-48-32-835-UZTD-WH,LT-LEDH-SR6P-G2-12-32-835-UZTD-BK,LT-LEDH-SR6P-G2-18-32-835-UZTD-BK,LT-LEDH-SR6P-G2-24-32-835-UZTD-BK,LT-LEDH-SR6P-G2-36-32-835-UZTD-BK,LT-LEDH-SR6P-G2-48-32-835-UZTD-BK,LT-LEDH-SR6P-G2-12-32-835-UZTD-BR,LT-LEDH-SR6P-G2-18-32-835-UZTD-BR,LT-LEDH-SR6P-G2-24-32-835-UZTD-BR,LT-LEDH-SR6P-G2-36-32-835-UZTD-BR,LT-LEDH-SR6P-G2-48-32-835-UZTD-BR,LT-LEDH-SR6P-G2-12-32-835-UZTD-SI,LT-LEDH-SR6P-G2-18-32-835-UZTD-SI,LT-LEDH-SR6P-G2-24-32-835-UZTD-SI,LT-LEDH-SR6P-G2-36-32-835-UZTD-SI,LT-LEDH-SR6P-G2-48-32-835-UZTD-SI,LT-LEDH-SR6P-G2-12-32-840-UZTD-WH,LT-LEDH-SR6P-G2-18-32-840-UZTD-WH,LT-LEDH-SR6P-G2-24-32-840-UZTD-WH,LT-LEDH-SR6P-G2-36-32-840-UZTD-WH,LT-LEDH-SR6P-G2-48-32-840-UZTD-WH,LT-LEDH-SR6P-G2-12-32-840-UZTD-BK,LT-LEDH-SR6P-G2-18-32-840-UZTD-BK,LT-LEDH-SR6P-G2-24-32-840-UZTD-BK,LT-LEDH-SR6P-G2-36-32-840-UZTD-BK,LT-LEDH-SR6P-G2-48-32-840-UZTD-BK,LT-LEDH-SR6P-G2-12-32-840-UZTD-BR,LT-LEDH-SR6P-G2-18-32-840-UZTD-BR,LT-LEDH-SR6P-G2-24-32-840-UZTD-BR,LT-LEDH-SR6P-G2-36-32-840-UZTD-BR,LT-LEDH-SR6P-G2-48-32-840-UZTD-BR,LT-LEDH-SR6P-G2-12-32-840-UZTD-SI,LT-LEDH-SR6P-G2-18-32-840-UZTD-SI,LT-LEDH-SR6P-G2-24-32-840-UZTD-SI,LT-LEDH-SR6P-G2-36-32-840-UZTD-SI,LT-LEDH-SR6P-G2-48-32-840-UZTD-SI,LT-LEDH-SR6P-G2-12-10-827-UZTD-WH,LT-LEDH-SR6P-G2-12-10-827-UZTD-BL,LT-LEDH-SR6P-G2-12-10-827-UZTD-BR,LT-LEDH-SR6P-G2-12-10-827-UZTD-SI,LT-LEDH-SR6P-G2-12-10-830-UZTD-WH,LT-LEDH-SR6P-G2-12-10-830-UZTD-BL,LT-LEDH-SR6P-G2-12-10-830-UZTD-BR,LT-LEDH-SR6P-G2-12-10-830-UZTD-SI,LT-LEDH-SR6P-G2-12-10-835-UZTD-WH,LT-LEDH-SR6P-G2-12-10-835-UZTD-BL"
5756,LT-LEDH-SR6P-S-UTD,"LT-LEDH-SR6P-G2-S12-32-835-UTD-WH,LT-LEDH-SR6P-G2-S18-32-835-UTD-WH,LT-LEDH-SR6P-G2-S24-32-835-UTD-WH,LT-LEDH-SR6P-G2-S36-32-835-UTD-WH,LT-LEDH-SR6P-G2-S48-32-835-UTD-WH,LT-LEDH-SR6P-G2-S12-32-835-UTD-BK,LT-LEDH-SR6P-G2-S18-32-835-UTD-BK,LT-LEDH-SR6P-G2-S24-32-835-UTD-BK,LT-LEDH-SR6P-G2-S36-32-835-UTD-BK,LT-LEDH-SR6P-G2-S48-32-835-UTD-BK,LT-LEDH-SR6P-G2-S12-32-835-UTD-BR,LT-LEDH-SR6P-G2-S18-32-835-UTD-BR,LT-LEDH-SR6P-G2-S24-32-835-UTD-BR,LT-LEDH-SR6P-G2-S36-32-835-UTD-BR,LT-LEDH-SR6P-G2-S48-32-835-UTD-BR,LT-LEDH-SR6P-G2-S12-32-835-UTD-SI,LT-LEDH-SR6P-G2-S18-32-835-UTD-SI,LT-LEDH-SR6P-G2-S24-32-835-UTD-SI,LT-LEDH-SR6P-G2-S36-32-835-UTD-SI,LT-LEDH-SR6P-G2-S48-32-835-UTD-SI,LT-LEDH-SR6P-G2-S12-32-840-UTD-WH,LT-LEDH-SR6P-G2-S18-32-840-UTD-WH,LT-LEDH-SR6P-G2-S24-32-840-UTD-WH,LT-LEDH-SR6P-G2-S36-32-840-UTD-WH,LT-LEDH-SR6P-G2-S48-32-840-UTD-WH,LT-LEDH-SR6P-G2-S12-32-840-UTD-BK,LT-LEDH-SR6P-G2-S18-32-840-UTD-BK,LT-LEDH-SR6P-G2-S24-32-840-UTD-BK,LT-LEDH-SR6P-G2-S36-32-840-UTD-BK,LT-LEDH-SR6P-G2-S48-32-840-UTD-BK,LT-LEDH-SR6P-G2-S12-32-840-UTD-BR,LT-LEDH-SR6P-G2-S18-32-840-UTD-BR,LT-LEDH-SR6P-G2-S24-32-840-UTD-BR,LT-LEDH-SR6P-G2-S36-32-840-UTD-BR,LT-LEDH-SR6P-G2-S48-32-840-UTD-BR,LT-LEDH-SR6P-G2-S12-32-840-UTD-SI,LT-LEDH-SR6P-G2-S18-32-840-UTD-SI,LT-LEDH-SR6P-G2-S24-32-840-UTD-SI,LT-LEDH-SR6P-G2-S36-32-840-UTD-SI,LT-LEDH-SR6P-G2-S48-32-840-UTD-SI"
5801,LT-LEDH-SR6P-S-UZTD,"LT-LEDH-SR6P-G2-S12-32-835-UZTD-WH,LT-LEDH-SR6P-G2-S18-32-835-UZTD-WH,LT-LEDH-SR6P-G2-S24-32-835-UZTD-WH,LT-LEDH-SR6P-G2-S36-32-835-UZTD-WH,LT-LEDH-SR6P-G2-S48-32-835-UZTD-WH,LT-LEDH-SR6P-G2-S12-32-835-UZTD-BL,LT-LEDH-SR6P-G2-S18-32-835-UZTD-BL,LT-LEDH-SR6P-G2-S24-32-835-UZTD-BL,LT-LEDH-SR6P-G2-S36-32-835-UZTD-BL,LT-LEDH-SR6P-G2-S48-32-835-UZTD-BL,LT-LEDH-SR6P-G2-S12-32-835-UZTD-BR,LT-LEDH-SR6P-G2-S18-32-835-UZTD-BR,LT-LEDH-SR6P-G2-S24-32-835-UZTD-BR,LT-LEDH-SR6P-G2-S36-32-835-UZTD-BR,LT-LEDH-SR6P-G2-S48-32-835-UZTD-BR,LT-LEDH-SR6P-G2-S12-32-835-UZTD-SI,LT-LEDH-SR6P-G2-S18-32-835-UZTD-SI,LT-LEDH-SR6P-G2-S24-32-835-UZTD-SI,LT-LEDH-SR6P-G2-S36-32-835-UZTD-SI,LT-LEDH-SR6P-G2-S48-32-835-UZTD-SI,LT-LEDH-SR6P-G2-S12-32-840-UZTD-WH,LT-LEDH-SR6P-G2-S18-32-840-UZTD-WH,LT-LEDH-SR6P-G2-S24-32-840-UZTD-WH,LT-LEDH-SR6P-G2-S36-32-840-UZTD-WH,LT-LEDH-SR6P-G2-S48-32-840-UZTD-WH,LT-LEDH-SR6P-G2-S12-32-840-UZTD-BL,LT-LEDH-SR6P-G2-S18-32-840-UZTD-BL,LT-LEDH-SR6P-G2-S24-32-840-UZTD-BL,LT-LEDH-SR6P-G2-S36-32-840-UZTD-BL,LT-LEDH-SR6P-G2-S48-32-840-UZTD-BL,LT-LEDH-SR6P-G2-S12-32-840-UZTD-BR,LT-LEDH-SR6P-G2-S18-32-840-UZTD-BR,LT-LEDH-SR6P-G2-S24-32-840-UZTD-BR,LT-LEDH-SR6P-G2-S36-32-840-UZTD-BR,LT-LEDH-SR6P-G2-S48-32-840-UZTD-BR,LT-LEDH-SR6P-G2-S12-32-840-UZTD-SI,LT-LEDH-SR6P-G2-S18-32-840-UZTD-SI,LT-LEDH-SR6P-G2-S24-32-840-UZTD-SI,LT-LEDH-SR6P-G2-S36-32-840-UZTD-SI,LT-LEDH-SR6P-G2-S48-32-840-UZTD-SI,LT-LEDH-SR6P-G2-S12-10-827-UZTD-WH,LT-LEDH-SR6P-G2-S12-10-827-UZTD-BL,LT-LEDH-SR6P-G2-S12-10-827-UZTD-BR,LT-LEDH-SR6P-G2-S12-10-827-UZTD-SI,LT-LEDH-SR6P-G2-S12-10-830-UZTD-WH,LT-LEDH-SR6P-G2-S12-10-830-UZTD-BL,LT-LEDH-SR6P-G2-S12-10-830-UZTD-BR,LT-LEDH-SR6P-G2-S12-10-830-UZTD-SI,LT-LEDH-SR6P-G2-S12-10-835-UZTD-WH,LT-LEDH-SR6P-G2-S12-10-835-UZTD-BL"
5882,LT-LEDH-SR6P-C-UZTD,"LT-LEDH-SR6P-G2-C32-10-835-UZTD-WH,LT-LEDH-SR6P-G2-C32-10-835-UZTD-BL,LT-LEDH-SR6P-G2-C32-10-835-UZTD-BR,LT-LEDH-SR6P-G2-C32-10-835-UZTD-SI,LT-LEDH-SR6P-G2-C32-10-840-UZTD-WH,LT-LEDH-SR6P-G2-C32-10-840-UZTD-BL,LT-LEDH-SR6P-G2-C32-10-840-UZTD-BR,LT-LEDH-SR6P-G2-C32-10-840-UZTD-SI,LT-LEDH-SR6P-G2-C58-10-827-UZTD-WH,LT-LEDH-SR6P-G2-C58-10-827-UZTD-BL,LT-LEDH-SR6P-G2-C58-10-827-UZTD-BR,LT-LEDH-SR6P-G2-C58-10-827-UZTD-SI,LT-LEDH-SR6P-G2-C58-10-830-UZTD-WH,LT-LEDH-SR6P-G2-C58-10-830-UZTD-BL,LT-LEDH-SR6P-G2-C58-10-830-UZTD-BR,LT-LEDH-SR6P-G2-C58-10-830-UZTD-SI,LT-LEDH-SR6P-G2-C58-10-835-UZTD-WH,LT-LEDH-SR6P-G2-C58-10-835-UZTD-BL,LT-LEDH-SR6P-G2-C58-10-835-UZTD-BR,LT-LEDH-SR6P-G2-C58-10-835-UZTD-SI,LT-LEDH-SR6P-G2-C58-10-840-UZTD-WH,LT-LEDH-SR6P-G2-C58-10-840-UZTD-BL,LT-LEDH-SR6P-G2-C58-10-840-UZTD-BR,LT-LEDH-SR6P-G2-C58-10-840-UZTD-SI,LT-LEDH-SR6P-G2-C108-10-827-UZTD-WH,LT-LEDH-SR6P-G2-C108-10-827-UZTD-BL,LT-LEDH-SR6P-G2-C108-10-827-UZTD-BR,LT-LEDH-SR6P-G2-C108-10-827-UZTD-SI,LT-LEDH-SR6P-G2-C108-10-830-UZTD-WH,LT-LEDH-SR6P-G2-C108-10-830-UZTD-BL,LT-LEDH-SR6P-G2-C108-10-830-UZTD-BR,LT-LEDH-SR6P-G2-C108-10-830-UZTD-SI,LT-LEDH-SR6P-G2-C108-10-835-UZTD-WH,LT-LEDH-SR6P-G2-C108-10-835-UZTD-BL,LT-LEDH-SR6P-G2-C108-10-835-UZTD-BR,LT-LEDH-SR6P-G2-C108-10-835-UZTD-SI,LT-LEDH-SR6P-G2-C108-10-840-UZTD-WH,LT-LEDH-SR6P-G2-C108-10-840-UZTD-BL,LT-LEDH-SR6P-G2-C108-10-840-UZTD-BR,LT-LEDH-SR6P-G2-C108-10-840-UZTD-SI,LT-LEDH-SR6P-G2-C128-10-827-UZTD-WH,LT-LEDH-SR6P-G2-C128-10-827-UZTD-BL,LT-LEDH-SR6P-G2-C128-10-827-UZTD-BR,LT-LEDH-SR6P-G2-C128-10-827-UZTD-SI,LT-LEDH-SR6P-G2-C128-10-830-UZTD-WH,LT-LEDH-SR6P-G2-C128-10-830-UZTD-BL,LT-LEDH-SR6P-G2-C128-10-830-UZTD-BR,LT-LEDH-SR6P-G2-C128-10-830-UZTD-SI,LT-LEDH-SR6P-G2-C128-10-835-UZTD-WH,LT-LEDH-SR6P-G2-C128-10-835-UZTD-BL"
5936,LT-LEDH-SR8P-S-UTD,"LT-LEDH-SR8P-G2-S12-32-835-UTD-WH,LT-LEDH-SR8P-G2-S18-32-835-UTD-WH,LT-LEDH-SR8P-G2-S24-32-835-UTD-WH,LT-LEDH-SR8P-G2-S36-32-835-UTD-WH,LT-LEDH-SR8P-G2-S48-32-835-UTD-WH,LT-LEDH-SR8P-G2-S12-32-835-UTD-BK,LT-LEDH-SR8P-G2-S18-32-835-UTD-BK,LT-LEDH-SR8P-G2-S24-32-835-UTD-BK,LT-LEDH-SR8P-G2-S36-32-835-UTD-BK,LT-LEDH-SR8P-G2-S48-32-835-UTD-BK,LT-LEDH-SR8P-G2-S12-32-835-UTD-BR,LT-LEDH-SR8P-G2-S18-32-835-UTD-BR,LT-LEDH-SR8P-G2-S24-32-835-UTD-BR,LT-LEDH-SR8P-G2-S36-32-835-UTD-BR,LT-LEDH-SR8P-G2-S48-32-835-UTD-BR,LT-LEDH-SR8P-G2-S12-32-835-UTD-SI,LT-LEDH-SR8P-G2-S18-32-835-UTD-SI,LT-LEDH-SR8P-G2-S24-32-835-UTD-SI,LT-LEDH-SR8P-G2-S36-32-835-UTD-SI,LT-LEDH-SR8P-G2-S48-32-835-UTD-SI,LT-LEDH-SR8P-G2-S12-32-840-UTD-WH,LT-LEDH-SR8P-G2-S18-32-840-UTD-WH,LT-LEDH-SR8P-G2-S24-32-840-UTD-WH,LT-LEDH-SR8P-G2-S36-32-840-UTD-WH,LT-LEDH-SR8P-G2-S48-32-840-UTD-WH,LT-LEDH-SR8P-G2-S12-32-840-UTD-BK,LT-LEDH-SR8P-G2-S18-32-840-UTD-BK,LT-LEDH-SR8P-G2-S24-32-840-UTD-BK,LT-LEDH-SR8P-G2-S36-32-840-UTD-BK,LT-LEDH-SR8P-G2-S48-32-840-UTD-BK,LT-LEDH-SR8P-G2-S12-32-840-UTD-BR,LT-LEDH-SR8P-G2-S18-32-840-UTD-BR,LT-LEDH-SR8P-G2-S24-32-840-UTD-BR,LT-LEDH-SR8P-G2-S36-32-840-UTD-BR,LT-LEDH-SR8P-G2-S48-32-840-UTD-BR,LT-LEDH-SR8P-G2-S12-32-840-UTD-SI,LT-LEDH-SR8P-G2-S18-32-840-UTD-SI,LT-LEDH-SR8P-G2-S24-32-840-UTD-SI,LT-LEDH-SR8P-G2-S36-32-840-UTD-SI,LT-LEDH-SR8P-G2-S48-32-840-UTD-SI"
5983,LT-LEDH-SR8P-S-UZTD,"LT-LEDH-SR8P-G2-S12-22-835-UZTD-WH,LT-LEDH-SR8P-G2-S18-22-835-UZTD-WH,LT-LEDH-SR8P-G2-S24-22-835-UZTD-WH,LT-LEDH-SR8P-G2-S36-22-835-UZTD-WH,LT-LEDH-SR8P-G2-S48-22-835-UZTD-WH,LT-LEDH-SR8P-G2-S12-22-835-UZTD-BK,LT-LEDH-SR8P-G2-S18-22-835-UZTD-BK,LT-LEDH-SR8P-G2-S24-22-835-UZTD-BK,LT-LEDH-SR8P-G2-S36-22-835-UZTD-BK,LT-LEDH-SR8P-G2-S48-22-835-UZTD-BK,LT-LEDH-SR8P-G2-S12-22-835-UZTD-BR,LT-LEDH-SR8P-G2-S18-22-835-UZTD-BR,LT-LEDH-SR8P-G2-S24-22-835-UZTD-BR,LT-LEDH-SR8P-G2-S36-22-835-UZTD-BR,LT-LEDH-SR8P-G2-S48-22-835-UZTD-BR,LT-LEDH-SR8P-G2-S12-22-835-UZTD-SI,LT-LEDH-SR8P-G2-S18-22-835-UZTD-SI,LT-LEDH-SR8P-G2-S24-22-835-UZTD-SI,LT-LEDH-SR8P-G2-S36-22-835-UZTD-SI,LT-LEDH-SR8P-G2-S48-22-835-UZTD-SI,LT-LEDH-SR8P-G2-S12-22-840-UZTD-WH,LT-LEDH-SR8P-G2-S18-22-840-UZTD-WH,LT-LEDH-SR8P-G2-S24-22-840-UZTD-WH,LT-LEDH-SR8P-G2-S36-22-840-UZTD-WH,LT-LEDH-SR8P-G2-S48-22-840-UZTD-WH,LT-LEDH-SR8P-G2-S12-22-840-UZTD-BK,LT-LEDH-SR8P-G2-S18-22-840-UZTD-BK,LT-LEDH-SR8P-G2-S24-22-840-UZTD-BK,LT-LEDH-SR8P-G2-S36-22-840-UZTD-BK,LT-LEDH-SR8P-G2-S48-22-840-UZTD-BK,LT-LEDH-SR8P-G2-S12-22-840-UZTD-BR,LT-LEDH-SR8P-G2-S18-22-840-UZTD-BR,LT-LEDH-SR8P-G2-S24-22-840-UZTD-BR,LT-LEDH-SR8P-G2-S36-22-840-UZTD-BR,LT-LEDH-SR8P-G2-S48-22-840-UZTD-BR,LT-LEDH-SR8P-G2-S12-22-840-UZTD-SI,LT-LEDH-SR8P-G2-S18-22-840-UZTD-SI,LT-LEDH-SR8P-G2-S24-22-840-UZTD-SI,LT-LEDH-SR8P-G2-S36-22-840-UZTD-SI,LT-LEDH-SR8P-G2-S48-22-840-UZTD-SI,LT-LEDH-SR8P-G2-S12-32-827-UZTD-WH,LT-LEDH-SR8P-G2-S18-32-827-UZTD-WH,LT-LEDH-SR8P-G2-S24-32-827-UZTD-WH,LT-LEDH-SR8P-G2-S36-32-827-UZTD-WH,LT-LEDH-SR8P-G2-S48-32-827-UZTD-WH,LT-LEDH-SR8P-G2-S12-32-827-UZTD-BK,LT-LEDH-SR8P-G2-S18-32-827-UZTD-BK,LT-LEDH-SR8P-G2-S24-32-827-UZTD-BK,LT-LEDH-SR8P-G2-S36-32-827-UZTD-BK,LT-LEDH-SR8P-G2-S48-32-827-UZTD-BK"
6036,LT-LEDH-SR8P-C-UZTD,"LT-LEDH-SR8P-G2-C32-32-827-UZTD-BR,LT-LEDH-SR8P-G2-C58-32-827-UZTD-BR,LT-LEDH-SR8P-G2-C108-32-827-UZTD-BR,LT-LEDH-SR8P-G2-C128-32-827-UZTD-BR,LT-LEDH-SR8P-G2-C32-32-827-UZTD-SI,LT-LEDH-SR8P-G2-C58-32-827-UZTD-SI,LT-LEDH-SR8P-G2-C108-32-827-UZTD-SI,LT-LEDH-SR8P-G2-C128-32-827-UZTD-SI,LT-LEDH-SR8P-G2-C32-32-830-UZTD-WH,LT-LEDH-SR8P-G2-C58-32-830-UZTD-WH,LT-LEDH-SR8P-G2-C108-32-830-UZTD-WH,LT-LEDH-SR8P-G2-C128-32-830-UZTD-WH,LT-LEDH-SR8P-G2-C32-32-830-UZTD-BK,LT-LEDH-SR8P-G2-C58-32-830-UZTD-BK,LT-LEDH-SR8P-G2-C108-32-830-UZTD-BK,LT-LEDH-SR8P-G2-C128-32-830-UZTD-BK,LT-LEDH-SR8P-G2-C32-32-830-UZTD-BR,LT-LEDH-SR8P-G2-C58-32-830-UZTD-BR,LT-LEDH-SR8P-G2-C108-32-830-UZTD-BR,LT-LEDH-SR8P-G2-C128-32-830-UZTD-BR,LT-LEDH-SR8P-G2-C32-32-830-UZTD-SI,LT-LEDH-SR8P-G2-C58-32-830-UZTD-SI,LT-LEDH-SR8P-G2-C108-32-830-UZTD-SI,LT-LEDH-SR8P-G2-C128-32-830-UZTD-SI,LT-LEDH-SR8P-G2-C32-32-835-UZTD-WH,LT-LEDH-SR8P-G2-C58-32-835-UZTD-WH,LT-LEDH-SR8P-G2-C108-32-835-UZTD-WH,LT-LEDH-SR8P-G2-C128-32-835-UZTD-WH,LT-LEDH-SR8P-G2-C32-32-835-UZTD-BK,LT-LEDH-SR8P-G2-C58-32-835-UZTD-BK,LT-LEDH-SR8P-G2-C108-32-835-UZTD-BK,LT-LEDH-SR8P-G2-C128-32-835-UZTD-BK,LT-LEDH-SR8P-G2-C32-32-835-UZTD-BR,LT-LEDH-SR8P-G2-C58-32-835-UZTD-BR,LT-LEDH-SR8P-G2-C108-32-835-UZTD-BR,LT-LEDH-SR8P-G2-C128-32-835-UZTD-BR,LT-LEDH-SR8P-G2-C32-32-835-UZTD-SI,LT-LEDH-SR8P-G2-C58-32-835-UZTD-SI,LT-LEDH-SR8P-G2-C108-32-835-UZTD-SI,LT-LEDH-SR8P-G2-C128-32-835-UZTD-SI,LT-LEDH-SR8P-G2-C32-32-840-UZTD-WH,LT-LEDH-SR8P-G2-C58-32-840-UZTD-WH,LT-LEDH-SR8P-G2-C108-32-840-UZTD-WH,LT-LEDH-SR8P-G2-C128-32-840-UZTD-WH,LT-LEDH-SR8P-G2-C32-32-840-UZTD-BK,LT-LEDH-SR8P-G2-C58-32-840-UZTD-BK,LT-LEDH-SR8P-G2-C108-32-840-UZTD-BK,LT-LEDH-SR8P-G2-C128-32-840-UZTD-BK,LT-LEDH-SR8P-G2-C32-32-840-UZTD-BR,LT-LEDH-SR8P-G2-C58-32-840-UZTD-BR"
7904,LT-STS-2330,"LT-STS-2330-30W-2700K-24-Juno-WH,LT-STS-2330-30W-2700K-24-Juno-BK,LT-STS-2330-30W-2700K-24-Halo-WH,LT-STS-2330-30W-2700K-24-Halo-BK,LT-STS-2330-30W-2700K-24-Capri-WH,LT-STS-2330-30W-2700K-24-Capri-BK,LT-STS-2330-30W-2700K-24-Lightolier-WH,LT-STS-2330-30W-2700K-24-Lightolier-BK,LT-STS-2330-30W-2700K-40-Juno-WH,LT-STS-2330-30W-2700K-40-Juno-BK,LT-STS-2330-30W-2700K-40-Halo-WH,LT-STS-2330-30W-2700K-40-Halo-BK,LT-STS-2330-30W-2700K-40-Capri-WH,LT-STS-2330-30W-2700K-40-Capri-BK,LT-STS-2330-30W-2700K-40-Lightolier-WH,LT-STS-2330-30W-2700K-40-Lightolier-BK,LT-STS-2330-30W-3000K-15-Juno-WH,LT-STS-2330-30W-3000K-15-Juno-BK,LT-STS-2330-30W-3000K-15-Halo-WH,LT-STS-2330-30W-3000K-15-Halo-BK,LT-STS-2330-30W-3000K-15-Capri-WH,LT-STS-2330-30W-3000K-15-Capri-BK,LT-STS-2330-30W-3000K-15-Lightolier-WH,LT-STS-2330-30W-3000K-15-Lightolier-BK,LT-STS-2330-30W-3000K-24-Juno-WH,LT-STS-2330-30W-3000K-24-Juno-BK,LT-STS-2330-30W-3000K-24-Halo-WH,LT-STS-2330-30W-3000K-24-Halo-BK,LT-STS-2330-30W-3000K-24-Capri-WH,LT-STS-2330-30W-3000K-24-Capri-BK,LT-STS-2330-30W-3000K-24-Lightolier-WH,LT-STS-2330-30W-3000K-24-Lightolier-BK,LT-STS-2330-30W-3000K-40-Juno-WH,LT-STS-2330-30W-3000K-40-Juno-BK,LT-STS-2330-30W-3000K-40-Halo-WH,LT-STS-2330-30W-3000K-40-Halo-BK,LT-STS-2330-30W-3000K-40-Capri-WH,LT-STS-2330-30W-3000K-40-Capri-BK,LT-STS-2330-30W-3000K-40-Lightolier-WH,LT-STS-2330-30W-3000K-40-Lightolier-BK,LT-STS-2330-30W-3500K-15-Juno-WH,LT-STS-2330-30W-3500K-15-Juno-BK,LT-STS-2330-30W-3500K-15-Halo-WH,LT-STS-2330-30W-3500K-15-Halo-BK,LT-STS-2330-30W-3500K-15-Capri-WH,LT-STS-2330-30W-3500K-15-Capri-BK,LT-STS-2330-30W-3500K-15-Lightolier-WH,LT-STS-2330-30W-3500K-15-Lightolier-BK,LT-STS-2330-30W-3500K-24-Juno-WH,LT-STS-2330-30W-3500K-24-Juno-BK"
9034,LT-ICED9535,"LT-ICED9535-23-UZTD/TML334PAJ-23-30-M-HC,LT-ICED9535-23-UZTD/TML334PAJ-23-30-M-WH,LT-ICED9535-23-UZTD/TML334PAJ-23-30-W-HC,LT-ICED9535-23-UZTD/TML334PAJ-23-30-W-WH,LT-ICED9535-23-UZTD/TML334PAJ-23-40-N-HC,LT-ICED9535-23-UZTD/TML334PAJ-23-40-N-WH,LT-ICED9535-23-UZTD/TML334PAJ-23-40-M-HC,LT-ICED9535-23-UZTD/TML334PAJ-23-40-M-WH,LT-ICED9535-23-UZTD/TML334PAJ-23-40-W-HC,LT-ICED9535-23-UZTD/TML334PAJ-23-40-W-WH,LT-ICED9535-23-UZTD/TML334PAJ-23-50-N-HC,LT-ICED9535-23-UZTD/TML334PAJ-23-50-N-WH,LT-ICED9535-23-UZTD/TML334PAJ-23-50-M-HC,LT-ICED9535-23-UZTD/TML334PAJ-23-50-M-WH,LT-ICED9535-23-UZTD/TML334PAJ-23-50-W-HC,LT-ICED9535-23-UZTD/TML334PAJ-23-50-W-WH,LT-ICED9535-10-UZTD/TML325RGWW-10-27-N-HC,LT-ICED9535-10-UZTD/TML325RGWW-10-27-N-WH,LT-ICED9535-10-UZTD/TML325RGWW-10-27-M-HC,LT-ICED9535-10-UZTD/TML325RGWW-10-27-M-WH,LT-ICED9535-10-UZTD/TML325RGWW-10-27-W-HC,LT-ICED9535-10-UZTD/TML325RGWW-10-27-W-WH,LT-ICED9535-10-UZTD/TML325RGWW-10-30-N-HC,LT-ICED9535-10-UZTD/TML325RGWW-10-30-N-WH,LT-ICED9535-10-UZTD/TML325RGWW-10-30-M-HC,LT-ICED9535-10-UZTD/TML325RGWW-10-30-M-WH,LT-ICED9535-10-UZTD/TML325RGWW-10-30-W-HC,LT-ICED9535-10-UZTD/TML325RGWW-10-30-W-WH,LT-ICED9535-10-UZTD/TML325RGWW-10-40-N-H,LT-ICED9535-10-UZTD/TML325RGWW-10-40-N-WH,LT-ICED9535-10-UZTD/TML325RGWW-10-40-M-HC,LT-ICED9535-10-UZTD/TML325RGWW-10-40-M-WH,LT-ICED9535-10-UZTD/TML325RGWW-10-40-W-HC,LT-ICED9535-10-UZTD/TML325RGWW-10-40-W-WH,LT-ICED9535-10-UZTD/TML325RGWW-10-50-N-HC,LT-ICED9535-10-UZTD/TML325RGWW-10-50-N-WH,LT-ICED9535-10-UZTD/TML325RGWW-10-50-M-HC,LT-ICED9535-10-UZTD/TML325RGWW-10-50-M-WH,LT-ICED9535-10-UZTD/TML325RGWW-10-50-W-HC,LT-ICED9535-10-UZTD/TML325RGWW-10-50-W-WH,LT-ICED9535-10-UZTD/TML325RGWW-14-27-N-HC,LT-ICED9535-14-UZTD/TML325RGWW-14-27-N-WH,LT-ICED9535-14-UZTD/TML325RGWW-14-27-ME-H,LT-ICED9535-14-UZTD/TML325RGWW-14-27-M-WH,LT-ICED9535-14-UZTD/TML325RGWW-14-27-W-HC,LT-ICED9535-14-UZTD/TML325RGWW-14-27-W-WH,LT-ICED9535-14-UZTD/TML325RGWW-14-30-N-HC,LT-ICED9535-14-UZTD/TML325RGWW-14-30-N-WH,LT-ICED9535-14-UZTD/TML325RGWW-14-30-M-HC,LT-ICED9535-14-UZTD/TML325RGWW-14-30-M-WH"
9250,MAG-HG-SL,"MAG-HG-SL-200WS3-H-3L3-B-HSL1-ADM,MAG-HG-SL-200WS3-H-3L3-B-HSL1-DM,MAG-HG-SL-200WS3-H-3L3-B-HSL1-YM,MAG-HG-SL-200WS3-H-3L3-B-HSL1-WM,MAG-HG-SL-200WS3-H-4L3-B-PC,MAG-HG-SL-200WS3-H-4L3-B-HSL1-SF,MAG-HG-SL-200WS3-H-4L3-B-HSL1-ADM,MAG-HG-SL-200WS3-H-4L3-B-HSL1-DM,MAG-HG-SL-200WS3-H-4L3-B-HSL1-YM,MAG-HG-SL-200WS3-H-4L3-B-HSL1-WM,MAG-HG-SL-200WS3-H-5L3-B-PC,MAG-HG-SL-200WS3-H-5L3-B-HSL1-SF,MAG-HG-SL-200WS3-H-5L3-B-HSL1-ADM,MAG-HG-SL-200WS3-H-5L3-B-HSL1-DM,MAG-HG-SL-200WS3-H-5L3-B-HSL1-YM,MAG-HG-SL-200WS3-H-5L3-B-HSL1-WM,MAG-HG-SL-240WS3-L-3L3-B-PC,MAG-HG-SL-240WS3-L-3L3-B-HSL1-SF,MAG-HG-SL-240WS3-L-3L3-B-HSL1-ADM,MAG-HG-SL-240WS3-L-3L3-B-HSL1-DM,MAG-HG-SL-240WS3-L-3L3-B-HSL1-YM,MAG-HG-SL-240WS3-L-3L3-B-HSL1-WM,MAG-HG-SL-240WS3-L-4L3-B-PC,MAG-HG-SL-240WS3-L-4L3-B-HSL1-SF,MAG-HG-SL-240WS3-L-4L3-B-HSL1-ADM,MAG-HG-SL-240WS3-L-4L3-B-HSL1-DM,MAG-HG-SL-240WS3-L-4L3-B-HSL1-YM,MAG-HG-SL-240WS3-L-4L3-B-HSL1-WM,MAG-HG-SL-240WS3-L-5L3-B-PC,MAG-HG-SL-240WS3-L-5L3-B-HSL1-SF,MAG-HG-SL-240WS3-L-5L3-B-HSL1-ADM,MAG-HG-SL-240WS3-L-5L3-B-HSL1-DM,MAG-HG-SL-240WS3-L-5L3-B-HSL1-YM,MAG-HG-SL-240WS3-L-5L3-B-HSL1-WM,MAG-HG-SL-240WS3-H-3L3-B-PC,MAG-HG-SL-240WS3-H-3L3-B-HSL1-SF,MAG-HG-SL-240WS3-H-3L3-B-HSL1-ADM,MAG-HG-SL-240WS3-H-3L3-B-HSL1-DM,MAG-HG-SL-240WS3-H-3L3-B-HSL1-YM,MAG-HG-SL-240WS3-H-3L3-B-HSL1-WM,MAG-HG-SL-240WS3-H-4L3-B-PC,MAG-HG-SL-240WS3-H-4L3-B-HSL1-SF,MAG-HG-SL-240WS3-H-4L3-B-HSL1-ADM,MAG-HG-SL-240WS3-H-4L3-B-HSL1-DM,MAG-HG-SL-240WS3-H-4L3-B-HSL1-YM,MAG-HG-SL-240WS3-H-4L3-B-HSL1-WM,MAG-HG-SL-240WS3-H-5L3-B-PC,MAG-HG-SL-240WS3-H-5L3-B-HSL1-SF,MAG-HG-SL-240WS3-H-5L3-B-HSL1-ADM,MAG-HG-SL-240WS3-H-5L3-B-HSL1-DM"
10657,LT-STS-2380,"LT-STS-2380-30W-2700K-24-Juno-BK,LT-STS-2380-30W-2700K-24-Halo-WH,LT-STS-2380-30W-2700K-24-Halo-BK,LT-STS-2380-30W-2700K-24-Capri-WH,LT-STS-2380-30W-2700K-24-Capri-BK,LT-STS-2380-30W-2700K-24-Lightolier-WH,LT-STS-2380-30W-2700K-24-Lightolier-BK,LT-STS-2380-30W-2700K-40-Juno-WH,LT-STS-2380-30W-2700K-40-Juno-BK,LT-STS-2380-30W-2700K-40-Halo-WH,LT-STS-2380-30W-2700K-40-Halo-BK,LT-STS-2380-30W-2700K-40-Capri-WH,LT-STS-2380-30W-2700K-40-Capri-BK,LT-STS-2380-30W-2700K-40-Lightolier-WH,LT-STS-2380-30W-2700K-40-Lightolier-BK,LT-STS-2380-30W-3000K-15-Juno-WH,LT-STS-2380-30W-3000K-15-Juno-BK,LT-STS-2380-30W-3000K-15-Halo-WH,LT-STS-2380-30W-3000K-15-Halo-BK,LT-STS-2380-30W-3000K-15-Capri-WH,LT-STS-2380-30W-3000K-15-Capri-BK,LT-STS-2380-30W-3000K-15-Lightolier-WH,LT-STS-2380-30W-3000K-15-Lightolier-BK,LT-STS-2380-30W-3000K-24-Juno-WH,LT-STS-2380-30W-3000K-24-Juno-BK,LT-STS-2380-30W-3000K-24-Halo-WH,LT-STS-2380-30W-3000K-24-Halo-BK,LT-STS-2380-30W-3000K-24-Capri-WH,LT-STS-2380-30W-3000K-24-Capri-BK,LT-STS-2380-30W-3000K-24-Lightolier-WH,LT-STS-2380-30W-3000K-24-Lightolier-BK,LT-STS-2380-30W-3000K-40-Juno-WH,LT-STS-2380-30W-3000K-40-Juno-BK,LT-STS-2380-30W-3000K-40-Halo-WH,LT-STS-2380-30W-3000K-40-Halo-BK,LT-STS-2380-30W-3000K-40-Capri-WH,LT-STS-2380-30W-3000K-40-Capri-BK,LT-STS-2380-30W-3000K-40-Lightolier-WH,LT-STS-2380-30W-3000K-40-Lightolier-BK,LT-STS-2380-30W-3500K-15-Juno-WH,LT-STS-2380-30W-3500K-15-Juno-BK,LT-STS-2380-30W-3500K-15-Halo-WH,LT-STS-2380-30W-3500K-15-Halo-BK,LT-STS-2380-30W-3500K-15-Capri-WH,LT-STS-2380-30W-3500K-15-Capri-BK,LT-STS-2380-30W-3500K-15-Lightolier-WH,LT-STS-2380-30W-3500K-15-Lightolier-BK,LT-STS-2380-30W-3500K-24-Juno-WH,LT-STS-2380-30W-3500K-24-Juno-BK,LT-STS-2380-30W-3500K-24-Halo-WH"
10987,EX-EXAL,"EX-EXAL-200W-40K-PCN-WH,EX-EXAL-200W-40K-PCN-WH-HV,EX-EXAL-200W-40K-PCN-GR,EX-EXAL-200W-40K-PCN-GR-HV,EX-EXAL-200W-50K-OCC-BK,EX-EXAL-200W-50K-OCC-BK-HV,EX-EXAL-200W-50K-OCC-WH,EX-EXAL-200W-50K-OCC-WH-HV,EX-EXAL-200W-50K-OCC-GR,EX-EXAL-200W-50K-OCC-GR-HV,EX-EXAL-200W-50K-PCN-BK,EX-EXAL-200W-50K-PCN-BK-HV,EX-EXAL-200W-50K-PCN-WH,EX-EXAL-200W-50K-PCN-WH-HV,EX-EXAL-200W-50K-PCN-GR,EX-EXAL-200W-50K-PCN-GR-HV,EX-EXAL-300W-30K-OCC-BK,EX-EXAL-300W-30K-OCC-BK-HV,EX-EXAL-300W-30K-OCC-WH,EX-EXAL-300W-30K-OCC-WH-HV,EX-EXAL-300W-30K-OCC-GR,EX-EXAL-300W-30K-OCC-GR-HV,EX-EXAL-300W-30K-PCN-BK,EX-EXAL-300W-30K-PCN-BK-HV,EX-EXAL-300W-30K-PCN-WH,EX-EXAL-300W-30K-PCN-WH-HV,EX-EXAL-300W-30K-PCN-GR,EX-EXAL-300W-30K-PCN-GR-HV,EX-EXAL-300W-40K-OCC-BK,EX-EXAL-300W-40K-OCC-BK-HV,EX-EXAL-300W-40K-OCC-WH,EX-EXAL-300W-40K-OCC-WH-HV,EX-EXAL-300W-40K-OCC-GR,EX-EXAL-300W-40K-OCC-GR-HV,EX-EXAL-300W-40K-PCN-BK,EX-EXAL-300W-40K-PCN-BK-HV,EX-EXAL-300W-40K-PCN-WH,EX-EXAL-300W-40K-PCN-WH-HV,EX-EXAL-300W-40K-PCN-GR,EX-EXAL-300W-40K-PCN-GR-HV,EX-EXAL-300W-50K-OCC-BK,EX-EXAL-300W-50K-OCC-BK-HV,EX-EXAL-300W-50K-OCC-WH,EX-EXAL-300W-50K-OCC-WH-HV,EX-EXAL-300W-50K-OCC-GR,EX-EXAL-300W-50K-OCC-GR-HV,EX-EXAL-300W-50K-PCN-BK,EX-EXAL-300W-50K-PCN-BK-HV,EX-EXAL-300W-50K-PCN-WH,EX-EXAL-300W-50K-PCN-WH-HV"
